r,g,b
222.0,209.0,178.0
221.0,217.0,183.0
228.0,211.0,159.0
225.0,199.0,151.0
183.0,176.0,137.0
174.0,168.0,124.0
168.0,164.0,125.0
146.0,149.0,118.0
129.0,132.0,104.0
134.0,135.0,108.0
136.0,139.0,107.0
165.0,164.0,125.0
185.0,179.0,138.0
183.0,176.0,135.0
158.0,160.0,128.0
162.0,165.0,139.0
161.0,153.0,130.0
156.0,147.0,129.0
175.0,178.0,175.0
182.0,188.0,187.0
184.0,173.0,157.0
194.0,161.0,110.0
181.0,133.0,63.0
151.0,103.0,30.0
131.0,83.0,10.0
121.0,74.0,2.0
116.0,71.0,2.0
123.0,79.0,8.0
117.0,74.0,16.0
104.0,70.0,38.0
166.0,148.0,123.0
160.0,147.0,124.0
159.0,144.0,122.0
207.0,188.0,161.0
208.0,188.0,160.0
206.0,187.0,158.0
204.0,184.0,156.0
205.0,181.0,147.0
209.0,181.0,143.0
217.0,194.0,164.0
165.0,143.0,116.0
123.0,112.0,106.0
109.0,114.0,134.0
116.0,121.0,143.0
104.0,80.0,95.0
140.0,78.0,88.0
141.0,77.0,88.0
136.0,75.0,86.0
196.0,195.0,157.0
182.0,187.0,149.0
188.0,181.0,132.0
210.0,195.0,150.0
184.0,179.0,139.0
177.0,172.0,125.0
176.0,171.0,124.0
147.0,152.0,113.0
140.0,144.0,106.0
158.0,156.0,118.0
170.0,166.0,125.0
204.0,197.0,152.0
186.0,180.0,139.0
175.0,172.0,136.0
170.0,173.0,144.0
174.0,175.0,153.0
157.0,151.0,133.0
161.0,159.0,150.0
170.0,175.0,180.0
157.0,167.0,173.0
158.0,161.0,161.0
208.0,189.0,167.0
196.0,157.0,111.0
190.0,152.0,96.0
166.0,122.0,57.0
135.0,89.0,23.0
127.0,81.0,13.0
133.0,86.0,18.0
132.0,83.0,31.0
112.0,74.0,42.0
132.0,115.0,90.0
132.0,120.0,99.0
134.0,122.0,102.0
176.0,161.0,138.0
186.0,169.0,144.0
192.0,174.0,148.0
195.0,177.0,150.0
199.0,177.0,144.0
207.0,182.0,149.0
191.0,172.0,145.0
133.0,121.0,114.0
124.0,124.0,141.0
121.0,127.0,147.0
102.0,108.0,131.0
91.0,82.0,102.0
103.0,61.0,73.0
88.0,45.0,56.0
82.0,40.0,51.0
167.0,178.0,133.0
140.0,158.0,112.0
129.0,141.0,93.0
159.0,162.0,125.0
156.0,160.0,129.0
166.0,164.0,128.0
174.0,171.0,134.0
157.0,159.0,131.0
145.0,146.0,130.0
151.0,149.0,134.0
178.0,172.0,149.0
213.0,204.0,169.0
195.0,192.0,156.0
157.0,162.0,131.0
152.0,159.0,133.0
161.0,162.0,140.0
164.0,160.0,147.0
181.0,185.0,186.0
178.0,188.0,195.0
157.0,167.0,175.0
173.0,176.0,176.0
225.0,211.0,195.0
186.0,151.0,122.0
198.0,171.0,140.0
205.0,173.0,132.0
194.0,158.0,114.0
183.0,146.0,101.0
176.0,137.0,96.0
172.0,131.0,99.0
135.0,104.0,76.0
134.0,115.0,86.0
132.0,116.0,90.0
126.0,112.0,89.0
130.0,115.0,91.0
140.0,124.0,98.0
151.0,135.0,108.0
153.0,137.0,112.0
155.0,139.0,112.0
170.0,151.0,122.0
148.0,136.0,124.0
120.0,121.0,136.0
121.0,125.0,145.0
98.0,104.0,127.0
84.0,91.0,114.0
62.0,70.0,92.0
35.0,33.0,47.0
55.0,47.0,61.0
67.0,57.0,74.0
134.0,152.0,105.0
121.0,145.0,95.0
106.0,128.0,81.0
134.0,146.0,115.0
142.0,147.0,124.0
157.0,158.0,139.0
153.0,153.0,150.0
132.0,134.0,136.0
128.0,129.0,133.0
131.0,131.0,137.0
139.0,137.0,139.0
155.0,151.0,142.0
150.0,151.0,138.0
133.0,139.0,127.0
129.0,134.0,126.0
128.0,131.0,126.0
136.0,138.0,139.0
145.0,150.0,156.0
145.0,150.0,156.0
141.0,145.0,152.0
186.0,186.0,185.0
235.0,223.0,210.0
178.0,145.0,118.0
176.0,156.0,132.0
195.0,177.0,150.0
209.0,187.0,161.0
220.0,198.0,171.0
233.0,209.0,183.0
195.0,171.0,147.0
175.0,153.0,128.0
203.0,179.0,149.0
198.0,176.0,146.0
184.0,166.0,138.0
176.0,158.0,129.0
179.0,159.0,126.0
184.0,162.0,125.0
173.0,152.0,118.0
154.0,134.0,103.0
137.0,121.0,100.0
119.0,118.0,129.0
117.0,123.0,142.0
105.0,112.0,133.0
87.0,94.0,118.0
67.0,78.0,100.0
53.0,64.0,85.0
55.0,61.0,79.0
65.0,71.0,81.0
48.0,56.0,73.0
133.0,151.0,105.0
114.0,136.0,91.0
96.0,120.0,77.0
135.0,145.0,118.0
155.0,153.0,130.0
153.0,152.0,139.0
117.0,120.0,129.0
96.0,100.0,110.0
96.0,98.0,107.0
95.0,97.0,106.0
97.0,97.0,106.0
101.0,102.0,107.0
102.0,104.0,111.0
103.0,106.0,114.0
103.0,107.0,115.0
97.0,100.0,111.0
94.0,98.0,109.0
98.0,99.0,108.0
100.0,101.0,107.0
105.0,105.0,111.0
133.0,132.0,133.0
204.0,194.0,183.0
176.0,144.0,118.0
143.0,128.0,109.0
152.0,147.0,131.0
161.0,155.0,141.0
186.0,172.0,154.0
227.0,201.0,177.0
164.0,139.0,116.0
168.0,152.0,131.0
194.0,174.0,144.0
204.0,184.0,153.0
202.0,185.0,157.0
198.0,181.0,154.0
197.0,180.0,152.0
196.0,179.0,150.0
194.0,177.0,148.0
183.0,165.0,139.0
128.0,122.0,125.0
101.0,104.0,121.0
85.0,89.0,107.0
69.0,75.0,94.0
53.0,61.0,83.0
40.0,48.0,69.0
43.0,53.0,74.0
46.0,55.0,73.0
55.0,63.0,71.0
39.0,40.0,51.0
167.0,176.0,138.0
115.0,134.0,92.0
97.0,115.0,76.0
145.0,149.0,119.0
167.0,166.0,126.0
138.0,139.0,122.0
96.0,100.0,109.0
86.0,90.0,99.0
84.0,86.0,96.0
83.0,85.0,94.0
81.0,83.0,92.0
78.0,81.0,90.0
83.0,86.0,96.0
90.0,93.0,104.0
84.0,88.0,99.0
79.0,83.0,94.0
82.0,86.0,97.0
87.0,90.0,101.0
88.0,89.0,98.0
91.0,90.0,98.0
81.0,80.0,85.0
117.0,103.0,97.0
175.0,136.0,111.0
173.0,150.0,127.0
163.0,153.0,134.0
160.0,153.0,136.0
181.0,165.0,145.0
208.0,178.0,154.0
156.0,131.0,107.0
140.0,131.0,112.0
148.0,132.0,105.0
194.0,175.0,144.0
197.0,180.0,154.0
192.0,175.0,149.0
194.0,179.0,153.0
189.0,179.0,164.0
177.0,171.0,167.0
147.0,145.0,150.0
67.0,68.0,79.0
17.0,22.0,31.0
10.0,16.0,26.0
15.0,20.0,30.0
19.0,25.0,37.0
24.0,30.0,43.0
44.0,51.0,70.0
35.0,45.0,64.0
28.0,33.0,49.0
39.0,21.0,29.0
189.0,188.0,148.0
138.0,137.0,104.0
115.0,111.0,84.0
151.0,147.0,118.0
169.0,170.0,128.0
120.0,123.0,115.0
89.0,93.0,104.0
86.0,90.0,100.0
83.0,84.0,93.0
83.0,83.0,93.0
82.0,83.0,92.0
79.0,82.0,91.0
75.0,79.0,88.0
78.0,82.0,92.0
85.0,89.0,100.0
84.0,88.0,98.0
84.0,88.0,99.0
83.0,87.0,98.0
77.0,78.0,86.0
69.0,68.0,73.0
60.0,59.0,63.0
81.0,66.0,63.0
166.0,125.0,98.0
197.0,167.0,139.0
182.0,167.0,146.0
173.0,165.0,145.0
206.0,189.0,164.0
192.0,166.0,142.0
190.0,171.0,149.0
152.0,143.0,125.0
148.0,128.0,99.0
196.0,175.0,145.0
194.0,177.0,151.0
188.0,172.0,145.0
189.0,178.0,158.0
171.0,169.0,176.0
140.0,142.0,157.0
53.0,55.0,65.0
9.0,10.0,18.0
9.0,13.0,24.0
12.0,19.0,32.0
16.0,23.0,37.0
17.0,25.0,38.0
19.0,28.0,42.0
41.0,49.0,67.0
30.0,37.0,55.0
40.0,28.0,41.0
56.0,25.0,31.0
168.0,155.0,124.0
117.0,102.0,86.0
98.0,85.0,73.0
111.0,101.0,87.0
123.0,121.0,111.0
98.0,101.0,108.0
92.0,96.0,107.0
84.0,88.0,97.0
79.0,81.0,90.0
78.0,81.0,90.0
83.0,87.0,96.0
85.0,88.0,98.0
82.0,86.0,96.0
77.0,81.0,92.0
78.0,82.0,92.0
85.0,89.0,100.0
85.0,89.0,100.0
78.0,80.0,91.0
68.0,68.0,74.0
57.0,56.0,58.0
52.0,50.0,52.0
70.0,57.0,53.0
159.0,116.0,88.0
207.0,173.0,142.0
187.0,172.0,150.0
179.0,170.0,151.0
216.0,202.0,178.0
211.0,196.0,173.0
203.0,194.0,178.0
135.0,127.0,111.0
171.0,149.0,119.0
198.0,178.0,146.0
192.0,176.0,149.0
189.0,173.0,149.0
178.0,172.0,171.0
137.0,137.0,153.0
69.0,72.0,85.0
41.0,44.0,60.0
40.0,47.0,65.0
36.0,46.0,66.0
35.0,46.0,66.0
37.0,47.0,67.0
38.0,49.0,70.0
41.0,52.0,73.0
28.0,34.0,50.0
27.0,23.0,35.0
46.0,21.0,28.0
45.0,17.0,21.0
145.0,133.0,113.0
82.0,72.0,64.0
71.0,61.0,54.0
70.0,61.0,56.0
76.0,75.0,79.0
90.0,95.0,104.0
95.0,99.0,110.0
90.0,94.0,105.0
86.0,90.0,100.0
82.0,84.0,94.0
77.0,79.0,87.0
69.0,70.0,77.0
74.0,75.0,84.0
79.0,82.0,92.0
77.0,81.0,91.0
75.0,78.0,89.0
74.0,76.0,86.0
66.0,66.0,73.0
56.0,56.0,58.0
50.0,49.0,50.0
45.0,43.0,44.0
61.0,50.0,47.0
141.0,100.0,76.0
168.0,145.0,126.0
175.0,163.0,146.0
183.0,172.0,153.0
218.0,204.0,181.0
222.0,210.0,190.0
189.0,183.0,171.0
135.0,126.0,111.0
187.0,167.0,139.0
196.0,175.0,144.0
189.0,172.0,146.0
182.0,171.0,162.0
138.0,136.0,149.0
47.0,50.0,62.0
67.0,73.0,91.0
71.0,80.0,102.0
54.0,65.0,88.0
58.0,69.0,93.0
63.0,75.0,99.0
61.0,75.0,98.0
55.0,67.0,89.0
32.0,39.0,56.0
21.0,18.0,30.0
38.0,17.0,23.0
40.0,13.0,18.0
38.0,12.0,16.0
150.0,136.0,116.0
74.0,65.0,59.0
51.0,42.0,38.0
54.0,41.0,38.0
73.0,63.0,60.0
96.0,99.0,105.0
92.0,97.0,108.0
82.0,86.0,96.0
76.0,77.0,86.0
69.0,69.0,75.0
61.0,61.0,65.0
57.0,55.0,59.0
57.0,56.0,61.0
66.0,67.0,74.0
68.0,71.0,78.0
62.0,64.0,71.0
56.0,55.0,59.0
49.0,47.0,49.0
47.0,46.0,46.0
45.0,43.0,42.0
40.0,38.0,39.0
53.0,42.0,40.0
123.0,84.0,62.0
90.0,73.0,69.0
109.0,105.0,103.0
165.0,157.0,140.0
198.0,182.0,158.0
208.0,194.0,173.0
160.0,150.0,140.0
100.0,90.0,80.0
153.0,138.0,116.0
182.0,162.0,133.0
180.0,166.0,147.0
138.0,136.0,142.0
48.0,49.0,59.0
49.0,54.0,67.0
60.0,69.0,90.0
56.0,67.0,89.0
66.0,77.0,98.0
64.0,74.0,97.0
56.0,68.0,90.0
44.0,53.0,73.0
21.0,27.0,41.0
18.0,17.0,27.0
33.0,16.0,22.0
39.0,13.0,17.0
37.0,11.0,17.0
37.0,12.0,17.0
170.0,157.0,128.0
112.0,100.0,86.0
73.0,58.0,51.0
95.0,67.0,55.0
120.0,88.0,73.0
118.0,110.0,109.0
81.0,84.0,93.0
65.0,66.0,73.0
61.0,62.0,66.0
61.0,60.0,64.0
59.0,58.0,62.0
56.0,55.0,57.0
51.0,51.0,52.0
50.0,49.0,50.0
60.0,57.0,57.0
51.0,49.0,50.0
46.0,42.0,40.0
48.0,43.0,40.0
58.0,53.0,49.0
54.0,49.0,45.0
42.0,38.0,37.0
47.0,36.0,32.0
114.0,76.0,53.0
72.0,51.0,42.0
75.0,72.0,70.0
132.0,130.0,120.0
124.0,117.0,112.0
146.0,134.0,123.0
99.0,84.0,79.0
58.0,44.0,39.0
93.0,82.0,68.0
149.0,134.0,110.0
153.0,147.0,143.0
76.0,77.0,87.0
63.0,67.0,78.0
42.0,45.0,60.0
39.0,44.0,59.0
49.0,55.0,74.0
45.0,53.0,72.0
41.0,49.0,66.0
31.0,38.0,54.0
14.0,18.0,29.0
20.0,17.0,26.0
35.0,16.0,23.0
43.0,16.0,21.0
46.0,19.0,24.0
47.0,19.0,26.0
47.0,18.0,25.0
146.0,147.0,109.0
176.0,165.0,139.0
175.0,163.0,144.0
197.0,179.0,155.0
201.0,181.0,154.0
171.0,164.0,152.0
86.0,86.0,90.0
62.0,62.0,67.0
57.0,57.0,60.0
49.0,47.0,47.0
43.0,40.0,40.0
48.0,45.0,45.0
69.0,62.0,56.0
77.0,66.0,57.0
111.0,93.0,77.0
105.0,88.0,74.0
108.0,90.0,76.0
100.0,84.0,73.0
101.0,87.0,76.0
81.0,69.0,59.0
66.0,54.0,47.0
71.0,55.0,46.0
122.0,87.0,64.0
130.0,92.0,77.0
125.0,93.0,84.0
142.0,122.0,112.0
88.0,76.0,78.0
97.0,85.0,86.0
65.0,50.0,49.0
81.0,69.0,63.0
96.0,86.0,74.0
133.0,125.0,115.0
113.0,113.0,124.0
54.0,59.0,71.0
35.0,40.0,53.0
30.0,32.0,44.0
30.0,30.0,41.0
33.0,34.0,45.0
36.0,39.0,54.0
30.0,34.0,48.0
15.0,17.0,29.0
21.0,15.0,26.0
36.0,16.0,24.0
42.0,16.0,22.0
44.0,16.0,23.0
45.0,17.0,24.0
47.0,19.0,26.0
48.0,20.0,28.0
141.0,145.0,105.0
201.0,194.0,159.0
221.0,214.0,188.0
231.0,222.0,200.0
237.0,228.0,204.0
209.0,204.0,189.0
103.0,103.0,103.0
57.0,56.0,59.0
45.0,42.0,43.0
40.0,35.0,36.0
39.0,34.0,32.0
61.0,52.0,47.0
121.0,104.0,88.0
125.0,101.0,81.0
136.0,110.0,88.0
119.0,98.0,81.0
119.0,100.0,84.0
102.0,84.0,73.0
81.0,68.0,59.0
52.0,42.0,35.0
61.0,48.0,40.0
81.0,65.0,55.0
110.0,86.0,71.0
178.0,126.0,111.0
196.0,111.0,94.0
197.0,121.0,106.0
174.0,107.0,97.0
145.0,94.0,89.0
85.0,57.0,53.0
87.0,73.0,65.0
101.0,93.0,85.0
138.0,137.0,143.0
72.0,76.0,91.0
30.0,33.0,48.0
28.0,30.0,43.0
31.0,34.0,47.0
29.0,31.0,43.0
32.0,32.0,44.0
31.0,31.0,42.0
17.0,18.0,28.0
25.0,15.0,24.0
37.0,15.0,22.0
43.0,16.0,22.0
46.0,19.0,26.0
51.0,22.0,30.0
54.0,24.0,32.0
53.0,23.0,31.0
53.0,23.0,31.0
143.0,144.0,105.0
190.0,180.0,148.0
216.0,206.0,179.0
222.0,208.0,184.0
209.0,202.0,182.0
166.0,164.0,154.0
110.0,109.0,107.0
71.0,71.0,68.0
44.0,42.0,40.0
48.0,42.0,40.0
70.0,59.0,51.0
115.0,97.0,82.0
146.0,123.0,103.0
126.0,102.0,82.0
101.0,81.0,65.0
79.0,64.0,53.0
81.0,67.0,57.0
92.0,76.0,65.0
90.0,75.0,63.0
66.0,53.0,44.0
70.0,59.0,51.0
77.0,65.0,57.0
83.0,68.0,58.0
111.0,85.0,75.0
172.0,126.0,111.0
186.0,125.0,109.0
176.0,94.0,78.0
185.0,104.0,89.0
199.0,143.0,131.0
177.0,133.0,123.0
113.0,98.0,97.0
128.0,129.0,140.0
53.0,58.0,76.0
42.0,47.0,66.0
35.0,40.0,56.0
33.0,37.0,50.0
29.0,31.0,44.0
28.0,29.0,41.0
21.0,19.0,29.0
26.0,14.0,22.0
38.0,14.0,20.0
40.0,15.0,21.0
42.0,16.0,22.0
46.0,19.0,25.0
53.0,24.0,30.0
56.0,24.0,32.0
56.0,24.0,32.0
53.0,24.0,31.0
161.0,150.0,113.0
174.0,149.0,122.0
193.0,165.0,144.0
201.0,168.0,147.0
152.0,130.0,112.0
93.0,85.0,83.0
89.0,90.0,95.0
101.0,103.0,103.0
82.0,77.0,71.0
110.0,94.0,81.0
147.0,122.0,101.0
151.0,126.0,105.0
123.0,102.0,83.0
101.0,82.0,69.0
76.0,62.0,52.0
40.0,33.0,27.0
41.0,33.0,28.0
64.0,51.0,44.0
80.0,67.0,58.0
77.0,62.0,53.0
71.0,55.0,46.0
99.0,80.0,68.0
111.0,92.0,79.0
120.0,100.0,87.0
132.0,108.0,92.0
136.0,101.0,84.0
151.0,104.0,87.0
186.0,129.0,112.0
209.0,156.0,139.0
183.0,128.0,112.0
130.0,110.0,105.0
105.0,102.0,110.0
35.0,39.0,53.0
31.0,35.0,48.0
30.0,33.0,47.0
28.0,30.0,43.0
23.0,24.0,35.0
20.0,21.0,30.0
23.0,15.0,23.0
26.0,13.0,19.0
20.0,10.0,15.0
21.0,11.0,15.0
24.0,11.0,15.0
26.0,12.0,16.0
30.0,14.0,19.0
38.0,17.0,24.0
42.0,17.0,24.0
43.0,18.0,24.0
177.0,157.0,123.0
159.0,129.0,108.0
174.0,136.0,120.0
163.0,123.0,107.0
164.0,121.0,105.0
144.0,116.0,105.0
119.0,110.0,109.0
96.0,100.0,105.0
128.0,116.0,106.0
169.0,143.0,119.0
143.0,119.0,100.0
116.0,97.0,81.0
95.0,78.0,66.0
75.0,62.0,55.0
56.0,47.0,42.0
43.0,35.0,32.0
56.0,46.0,42.0
74.0,62.0,55.0
87.0,73.0,65.0
94.0,79.0,70.0
128.0,102.0,91.0
181.0,146.0,129.0
197.0,162.0,144.0
198.0,163.0,145.0
196.0,160.0,140.0
199.0,158.0,137.0
197.0,154.0,134.0
207.0,162.0,142.0
212.0,166.0,144.0
206.0,159.0,138.0
190.0,152.0,133.0
146.0,119.0,106.0
74.0,59.0,58.0
29.0,24.0,28.0
32.0,26.0,28.0
53.0,44.0,42.0
61.0,55.0,54.0
67.0,63.0,60.0
68.0,64.0,61.0
56.0,54.0,51.0
42.0,40.0,39.0
25.0,25.0,27.0
14.0,16.0,19.0
11.0,14.0,17.0
9.0,13.0,16.0
13.0,13.0,16.0
21.0,15.0,16.0
28.0,17.0,18.0
168.0,154.0,120.0
133.0,109.0,86.0
132.0,96.0,76.0
127.0,90.0,74.0
135.0,92.0,76.0
122.0,84.0,68.0
113.0,86.0,75.0
99.0,87.0,80.0
143.0,119.0,101.0
130.0,108.0,90.0
79.0,67.0,57.0
89.0,77.0,69.0
94.0,81.0,73.0
95.0,83.0,74.0
71.0,61.0,55.0
58.0,47.0,44.0
101.0,82.0,76.0
133.0,110.0,101.0
146.0,122.0,112.0
155.0,127.0,116.0
184.0,147.0,134.0
204.0,162.0,145.0
212.0,170.0,152.0
214.0,173.0,151.0
217.0,173.0,149.0
221.0,174.0,151.0
220.0,172.0,150.0
221.0,173.0,149.0
221.0,173.0,146.0
220.0,173.0,148.0
218.0,171.0,147.0
215.0,169.0,147.0
201.0,159.0,139.0
159.0,126.0,111.0
144.0,112.0,96.0
138.0,107.0,90.0
117.0,90.0,80.0
92.0,71.0,63.0
63.0,52.0,49.0
61.0,55.0,51.0
67.0,64.0,62.0
61.0,59.0,61.0
44.0,46.0,48.0
27.0,31.0,35.0
18.0,23.0,26.0
16.0,19.0,22.0
17.0,20.0,20.0
23.0,23.0,22.0
171.0,167.0,127.0
162.0,149.0,114.0
144.0,123.0,91.0
127.0,105.0,83.0
105.0,80.0,65.0
96.0,72.0,59.0
96.0,79.0,71.0
116.0,102.0,90.0
127.0,104.0,87.0
86.0,71.0,60.0
63.0,53.0,47.0
69.0,59.0,54.0
70.0,61.0,55.0
64.0,55.0,49.0
54.0,45.0,42.0
51.0,39.0,36.0
130.0,98.0,88.0
178.0,142.0,130.0
188.0,152.0,140.0
196.0,158.0,146.0
202.0,162.0,148.0
205.0,163.0,148.0
192.0,152.0,136.0
178.0,139.0,119.0
187.0,139.0,117.0
197.0,148.0,127.0
210.0,163.0,144.0
224.0,178.0,160.0
219.0,172.0,150.0
210.0,162.0,139.0
204.0,157.0,134.0
197.0,152.0,130.0
197.0,150.0,130.0
199.0,154.0,134.0
194.0,154.0,133.0
200.0,157.0,136.0
213.0,168.0,146.0
206.0,160.0,141.0
176.0,135.0,120.0
102.0,78.0,69.0
46.0,37.0,35.0
49.0,48.0,49.0
62.0,64.0,67.0
56.0,59.0,61.0
47.0,48.0,50.0
41.0,42.0,43.0
32.0,35.0,36.0
28.0,31.0,33.0
160.0,167.0,117.0
151.0,161.0,109.0
156.0,162.0,106.0
143.0,145.0,111.0
97.0,93.0,77.0
106.0,91.0,76.0
129.0,113.0,98.0
133.0,117.0,102.0
104.0,87.0,73.0
90.0,75.0,64.0
68.0,57.0,50.0
42.0,37.0,33.0
41.0,35.0,33.0
43.0,37.0,34.0
48.0,40.0,37.0
66.0,47.0,43.0
153.0,115.0,104.0
186.0,147.0,136.0
185.0,143.0,132.0
184.0,143.0,129.0
191.0,152.0,138.0
186.0,149.0,137.0
149.0,119.0,105.0
148.0,110.0,93.0
157.0,112.0,93.0
175.0,128.0,110.0
199.0,152.0,138.0
206.0,159.0,149.0
201.0,153.0,140.0
191.0,142.0,125.0
186.0,138.0,118.0
179.0,132.0,112.0
176.0,130.0,110.0
185.0,139.0,120.0
186.0,143.0,124.0
177.0,138.0,118.0
184.0,145.0,126.0
200.0,156.0,136.0
203.0,157.0,136.0
191.0,149.0,130.0
129.0,100.0,87.0
56.0,41.0,36.0
43.0,38.0,39.0
55.0,57.0,60.0
72.0,70.0,66.0
72.0,67.0,62.0
49.0,51.0,54.0
43.0,47.0,52.0
102.0,124.0,74.0
113.0,135.0,75.0
139.0,158.0,88.0
146.0,157.0,113.0
129.0,133.0,103.0
128.0,114.0,92.0
125.0,106.0,87.0
103.0,87.0,73.0
113.0,97.0,83.0
105.0,93.0,84.0
50.0,43.0,39.0
25.0,24.0,23.0
31.0,27.0,27.0
47.0,40.0,37.0
54.0,42.0,39.0
106.0,78.0,69.0
173.0,134.0,123.0
186.0,150.0,138.0
184.0,143.0,131.0
178.0,136.0,121.0
175.0,134.0,118.0
145.0,114.0,101.0
104.0,80.0,67.0
113.0,79.0,66.0
140.0,99.0,85.0
142.0,97.0,82.0
163.0,114.0,102.0
172.0,122.0,113.0
170.0,121.0,110.0
158.0,108.0,94.0
140.0,93.0,76.0
133.0,89.0,70.0
146.0,105.0,84.0
160.0,117.0,98.0
173.0,131.0,112.0
175.0,135.0,115.0
162.0,127.0,108.0
168.0,136.0,117.0
183.0,146.0,127.0
189.0,147.0,127.0
181.0,142.0,123.0
125.0,99.0,87.0
63.0,47.0,40.0
50.0,42.0,40.0
69.0,65.0,62.0
64.0,68.0,69.0
63.0,65.0,66.0
56.0,58.0,61.0
99.0,119.0,66.0
115.0,134.0,70.0
129.0,146.0,80.0
137.0,145.0,108.0
132.0,138.0,105.0
145.0,140.0,107.0
113.0,93.0,74.0
89.0,72.0,57.0
100.0,84.0,71.0
84.0,75.0,67.0
37.0,34.0,30.0
16.0,16.0,17.0
27.0,25.0,26.0
47.0,39.0,37.0
68.0,50.0,45.0
128.0,92.0,82.0
167.0,125.0,114.0
175.0,134.0,122.0
176.0,134.0,121.0
179.0,135.0,120.0
168.0,126.0,110.0
125.0,96.0,83.0
81.0,60.0,50.0
78.0,55.0,47.0
104.0,74.0,66.0
125.0,85.0,72.0
136.0,91.0,80.0
147.0,100.0,90.0
141.0,92.0,80.0
118.0,72.0,59.0
98.0,62.0,46.0
102.0,69.0,51.0
124.0,86.0,67.0
145.0,103.0,85.0
165.0,124.0,105.0
175.0,135.0,115.0
175.0,138.0,118.0
156.0,123.0,106.0
167.0,134.0,115.0
182.0,143.0,124.0
184.0,145.0,126.0
167.0,134.0,118.0
112.0,88.0,74.0
68.0,50.0,43.0
51.0,42.0,41.0
54.0,56.0,59.0
60.0,63.0,67.0
55.0,58.0,60.0
119.0,135.0,77.0
133.0,143.0,84.0
168.0,163.0,112.0
174.0,162.0,128.0
150.0,150.0,113.0
168.0,165.0,126.0
127.0,108.0,88.0
100.0,82.0,64.0
116.0,97.0,79.0
91.0,79.0,69.0
33.0,30.0,27.0
18.0,18.0,19.0
28.0,25.0,26.0
57.0,46.0,43.0
98.0,74.0,66.0
132.0,96.0,84.0
153.0,110.0,99.0
159.0,114.0,102.0
163.0,118.0,104.0
169.0,123.0,108.0
164.0,121.0,107.0
115.0,86.0,75.0
70.0,48.0,39.0
65.0,45.0,37.0
82.0,56.0,50.0
109.0,73.0,62.0
122.0,80.0,71.0
130.0,85.0,75.0
118.0,70.0,58.0
106.0,65.0,53.0
118.0,82.0,69.0
109.0,72.0,60.0
138.0,96.0,84.0
165.0,120.0,104.0
172.0,128.0,111.0
174.0,134.0,114.0
173.0,135.0,115.0
159.0,125.0,107.0
152.0,123.0,105.0
171.0,137.0,120.0
189.0,153.0,134.0
180.0,146.0,128.0
148.0,119.0,104.0
99.0,76.0,64.0
72.0,54.0,47.0
52.0,45.0,42.0
40.0,40.0,40.0
25.0,26.0,27.0
150.0,158.0,100.0
191.0,183.0,136.0
182.0,158.0,129.0
181.0,144.0,122.0
177.0,145.0,123.0
195.0,171.0,147.0
150.0,131.0,112.0
113.0,92.0,70.0
119.0,98.0,77.0
69.0,59.0,50.0
36.0,33.0,32.0
32.0,31.0,31.0
28.0,24.0,24.0
68.0,54.0,48.0
103.0,78.0,66.0
128.0,95.0,81.0
139.0,100.0,87.0
143.0,100.0,87.0
147.0,101.0,88.0
153.0,107.0,93.0
151.0,107.0,95.0
109.0,80.0,70.0
74.0,48.0,39.0
77.0,51.0,41.0
84.0,55.0,47.0
111.0,75.0,65.0
137.0,94.0,86.0
133.0,85.0,75.0
121.0,73.0,62.0
125.0,85.0,75.0
144.0,105.0,93.0
105.0,71.0,60.0
107.0,69.0,64.0
174.0,124.0,113.0
178.0,129.0,114.0
175.0,129.0,115.0
168.0,129.0,114.0
155.0,121.0,105.0
138.0,109.0,93.0
152.0,123.0,106.0
177.0,144.0,125.0
187.0,151.0,132.0
166.0,133.0,119.0
123.0,96.0,82.0
93.0,70.0,57.0
76.0,59.0,48.0
47.0,39.0,36.0
38.0,38.0,40.0
159.0,158.0,111.0
185.0,167.0,133.0
108.0,93.0,76.0
102.0,75.0,59.0
134.0,94.0,79.0
160.0,119.0,104.0
145.0,121.0,100.0
110.0,89.0,70.0
105.0,85.0,67.0
74.0,63.0,53.0
58.0,55.0,50.0
37.0,36.0,35.0
24.0,21.0,19.0
60.0,48.0,41.0
105.0,80.0,67.0
122.0,92.0,76.0
130.0,96.0,82.0
134.0,96.0,82.0
133.0,93.0,78.0
138.0,96.0,83.0
141.0,100.0,88.0
114.0,82.0,71.0
94.0,63.0,51.0
99.0,65.0,54.0
106.0,73.0,63.0
144.0,102.0,92.0
170.0,121.0,114.0
165.0,114.0,107.0
164.0,111.0,104.0
136.0,94.0,87.0
146.0,105.0,95.0
151.0,115.0,95.0
115.0,86.0,74.0
158.0,103.0,100.0
180.0,129.0,118.0
165.0,117.0,107.0
160.0,117.0,108.0
147.0,113.0,99.0
125.0,96.0,81.0
134.0,106.0,90.0
154.0,124.0,106.0
176.0,138.0,120.0
172.0,134.0,120.0
139.0,108.0,96.0
102.0,76.0,61.0
94.0,72.0,57.0
85.0,66.0,55.0
68.0,57.0,51.0
130.0,122.0,97.0
164.0,146.0,117.0
90.0,75.0,57.0
71.0,53.0,35.0
89.0,61.0,43.0
127.0,91.0,69.0
141.0,114.0,92.0
99.0,80.0,65.0
86.0,70.0,58.0
77.0,66.0,55.0
52.0,46.0,38.0
38.0,34.0,30.0
29.0,25.0,21.0
54.0,43.0,36.0
106.0,81.0,68.0
120.0,92.0,76.0
123.0,93.0,77.0
124.0,91.0,76.0
125.0,91.0,76.0
128.0,91.0,78.0
130.0,94.0,80.0
121.0,86.0,72.0
119.0,82.0,68.0
143.0,100.0,87.0
157.0,112.0,100.0
179.0,129.0,117.0
192.0,142.0,133.0
193.0,140.0,134.0
197.0,145.0,140.0
152.0,105.0,99.0
139.0,95.0,85.0
161.0,121.0,102.0
131.0,105.0,91.0
130.0,77.0,74.0
158.0,104.0,97.0
151.0,105.0,96.0
149.0,105.0,96.0
139.0,100.0,91.0
120.0,89.0,76.0
115.0,89.0,73.0
138.0,106.0,88.0
156.0,116.0,99.0
160.0,119.0,102.0
138.0,104.0,89.0
107.0,79.0,63.0
98.0,74.0,58.0
96.0,73.0,57.0
96.0,72.0,59.0
131.0,129.0,93.0
153.0,145.0,108.0
131.0,115.0,84.0
109.0,87.0,60.0
98.0,72.0,49.0
107.0,78.0,55.0
125.0,102.0,80.0
94.0,77.0,63.0
94.0,78.0,65.0
57.0,48.0,39.0
37.0,33.0,27.0
31.0,28.0,24.0
36.0,31.0,25.0
68.0,54.0,44.0
105.0,83.0,68.0
115.0,88.0,71.0
116.0,88.0,72.0
115.0,86.0,70.0
117.0,86.0,71.0
122.0,89.0,74.0
124.0,90.0,75.0
123.0,89.0,75.0
126.0,87.0,74.0
143.0,100.0,87.0
152.0,104.0,92.0
167.0,118.0,105.0
180.0,128.0,119.0
173.0,120.0,111.0
176.0,126.0,118.0
155.0,104.0,94.0
122.0,76.0,66.0
143.0,98.0,83.0
149.0,124.0,108.0
124.0,77.0,72.0
132.0,80.0,73.0
120.0,80.0,73.0
126.0,86.0,79.0
122.0,83.0,75.0
110.0,79.0,67.0
101.0,77.0,61.0
127.0,94.0,75.0
142.0,103.0,85.0
141.0,102.0,84.0
121.0,87.0,71.0
106.0,78.0,62.0
100.0,74.0,59.0
97.0,74.0,59.0
101.0,78.0,65.0
128.0,142.0,90.0
123.0,140.0,88.0
132.0,139.0,90.0
151.0,135.0,102.0
121.0,104.0,80.0
94.0,82.0,64.0
116.0,98.0,78.0
102.0,84.0,67.0
83.0,69.0,56.0
51.0,43.0,36.0
26.0,24.0,20.0
20.0,18.0,18.0
30.0,25.0,22.0
77.0,61.0,50.0
104.0,82.0,66.0
110.0,86.0,68.0
112.0,86.0,69.0
113.0,85.0,69.0
114.0,83.0,68.0
117.0,84.0,69.0
117.0,84.0,70.0
111.0,79.0,64.0
104.0,70.0,57.0
98.0,64.0,51.0
104.0,68.0,55.0
116.0,75.0,61.0
130.0,85.0,70.0
130.0,85.0,73.0
133.0,87.0,78.0
127.0,79.0,69.0
110.0,66.0,58.0
125.0,80.0,65.0
122.0,92.0,78.0
121.0,71.0,67.0
120.0,73.0,66.0
108.0,71.0,63.0
117.0,79.0,72.0
109.0,74.0,64.0
98.0,68.0,56.0
94.0,69.0,54.0
124.0,90.0,71.0
133.0,96.0,78.0
124.0,89.0,71.0
111.0,80.0,64.0
104.0,77.0,60.0
97.0,72.0,57.0
98.0,74.0,61.0
98.0,75.0,63.0
101.0,118.0,70.0
112.0,130.0,79.0
112.0,129.0,82.0
159.0,161.0,127.0
153.0,151.0,123.0
106.0,106.0,96.0
112.0,104.0,94.0
107.0,91.0,74.0
91.0,76.0,62.0
64.0,55.0,46.0
30.0,27.0,22.0
21.0,20.0,18.0
27.0,24.0,21.0
75.0,61.0,49.0
107.0,87.0,69.0
111.0,88.0,69.0
109.0,83.0,66.0
107.0,80.0,64.0
109.0,79.0,64.0
112.0,79.0,64.0
109.0,78.0,63.0
85.0,59.0,47.0
80.0,50.0,39.0
73.0,45.0,35.0
81.0,52.0,41.0
95.0,63.0,49.0
119.0,85.0,68.0
129.0,92.0,75.0
121.0,79.0,67.0
101.0,62.0,52.0
100.0,60.0,50.0
114.0,75.0,59.0
88.0,56.0,47.0
111.0,63.0,57.0
119.0,75.0,64.0
114.0,75.0,64.0
112.0,74.0,66.0
102.0,68.0,58.0
87.0,60.0,48.0
99.0,73.0,58.0
128.0,93.0,74.0
127.0,92.0,73.0
116.0,82.0,66.0
108.0,78.0,63.0
99.0,73.0,58.0
92.0,69.0,57.0
90.0,69.0,60.0
89.0,71.0,62.0
102.0,111.0,71.0
104.0,110.0,71.0
104.0,110.0,76.0
146.0,151.0,126.0
154.0,159.0,134.0
151.0,152.0,139.0
119.0,116.0,107.0
108.0,96.0,81.0
72.0,61.0,46.0
56.0,48.0,36.0
33.0,29.0,23.0
25.0,23.0,20.0
23.0,20.0,17.0
62.0,49.0,40.0
113.0,94.0,74.0
122.0,100.0,77.0
115.0,89.0,68.0
109.0,81.0,62.0
110.0,80.0,61.0
111.0,80.0,63.0
107.0,78.0,63.0
69.0,47.0,38.0
69.0,44.0,35.0
53.0,33.0,26.0
73.0,47.0,38.0
91.0,60.0,50.0
102.0,69.0,56.0
111.0,73.0,59.0
110.0,69.0,57.0
86.0,53.0,42.0
96.0,60.0,48.0
74.0,50.0,37.0
84.0,47.0,40.0
116.0,71.0,59.0
120.0,78.0,61.0
115.0,77.0,61.0
105.0,71.0,58.0
92.0,63.0,51.0
89.0,63.0,49.0
120.0,88.0,70.0
129.0,93.0,74.0
122.0,86.0,68.0
109.0,78.0,62.0
89.0,65.0,54.0
77.0,57.0,49.0
80.0,62.0,54.0
79.0,63.0,56.0
69.0,57.0,50.0
112.0,121.0,76.0
115.0,120.0,79.0
109.0,113.0,80.0
146.0,149.0,123.0
151.0,156.0,127.0
160.0,165.0,138.0
149.0,147.0,132.0
126.0,116.0,99.0
83.0,69.0,54.0
63.0,53.0,40.0
41.0,34.0,27.0
31.0,27.0,22.0
27.0,22.0,18.0
43.0,34.0,27.0
107.0,89.0,70.0
138.0,114.0,89.0
132.0,106.0,82.0
119.0,93.0,69.0
119.0,92.0,69.0
121.0,94.0,72.0
106.0,81.0,63.0
56.0,40.0,32.0
66.0,46.0,36.0
46.0,33.0,27.0
77.0,50.0,41.0
88.0,58.0,47.0
101.0,69.0,57.0
104.0,65.0,54.0
98.0,58.0,46.0
90.0,58.0,46.0
91.0,56.0,46.0
68.0,39.0,33.0
105.0,67.0,53.0
117.0,76.0,59.0
118.0,79.0,60.0
113.0,79.0,60.0
105.0,74.0,57.0
103.0,71.0,54.0
123.0,88.0,68.0
131.0,92.0,71.0
122.0,84.0,67.0
98.0,68.0,56.0
70.0,50.0,43.0
56.0,43.0,39.0
61.0,49.0,45.0
66.0,56.0,54.0
61.0,58.0,58.0
62.0,60.0,60.0
111.0,116.0,80.0
113.0,117.0,77.0
134.0,142.0,92.0
154.0,165.0,123.0
148.0,158.0,120.0
139.0,145.0,116.0
134.0,134.0,119.0
139.0,135.0,117.0
117.0,106.0,90.0
88.0,75.0,60.0
60.0,49.0,36.0
41.0,33.0,26.0
31.0,26.0,21.0
24.0,20.0,17.0
51.0,41.0,32.0
109.0,88.0,69.0
136.0,111.0,88.0
128.0,102.0,77.0
123.0,96.0,71.0
126.0,99.0,74.0
109.0,87.0,67.0
54.0,40.0,31.0
76.0,53.0,41.0
59.0,39.0,32.0
87.0,57.0,47.0
96.0,65.0,53.0
106.0,74.0,62.0
109.0,71.0,60.0
102.0,60.0,48.0
89.0,54.0,42.0
88.0,57.0,43.0
100.0,65.0,50.0
113.0,76.0,58.0
116.0,79.0,60.0
117.0,83.0,63.0
112.0,80.0,62.0
110.0,78.0,60.0
113.0,79.0,62.0
102.0,71.0,57.0
82.0,58.0,46.0
60.0,42.0,36.0
40.0,30.0,27.0
40.0,33.0,30.0
58.0,54.0,55.0
80.0,82.0,89.0
92.0,97.0,106.0
90.0,95.0,106.0
78.0,82.0,91.0
112.0,113.0,87.0
131.0,136.0,92.0
165.0,179.0,116.0
168.0,183.0,135.0
141.0,154.0,112.0
121.0,126.0,103.0
113.0,115.0,99.0
118.0,117.0,98.0
134.0,126.0,109.0
139.0,122.0,104.0
103.0,88.0,71.0
76.0,63.0,50.0
50.0,42.0,33.0
34.0,31.0,25.0
23.0,20.0,16.0
47.0,37.0,29.0
93.0,76.0,60.0
116.0,94.0,73.0
120.0,94.0,72.0
124.0,98.0,73.0
120.0,96.0,74.0
79.0,61.0,46.0
83.0,59.0,45.0
84.0,55.0,41.0
104.0,71.0,55.0
123.0,89.0,71.0
124.0,89.0,72.0
116.0,77.0,63.0
118.0,73.0,59.0
112.0,70.0,55.0
108.0,70.0,53.0
116.0,77.0,59.0
121.0,83.0,63.0
122.0,86.0,66.0
101.0,74.0,57.0
58.0,43.0,34.0
39.0,30.0,26.0
34.0,27.0,24.0
25.0,22.0,22.0
23.0,20.0,21.0
27.0,24.0,26.0
36.0,31.0,32.0
48.0,46.0,47.0
66.0,68.0,74.0
69.0,74.0,82.0
57.0,62.0,69.0
36.0,37.0,43.0
21.0,24.0,29.0
131.0,135.0,94.0
152.0,162.0,111.0
156.0,172.0,114.0
161.0,176.0,134.0
134.0,140.0,110.0
117.0,117.0,102.0
112.0,111.0,98.0
111.0,105.0,90.0
125.0,112.0,95.0
139.0,120.0,100.0
140.0,130.0,117.0
126.0,115.0,105.0
87.0,75.0,64.0
67.0,59.0,49.0
50.0,44.0,37.0
34.0,28.0,22.0
45.0,36.0,27.0
56.0,44.0,32.0
63.0,48.0,35.0
70.0,53.0,39.0
82.0,62.0,47.0
87.0,68.0,53.0
89.0,69.0,53.0
105.0,79.0,59.0
117.0,85.0,65.0
124.0,91.0,70.0
141.0,105.0,82.0
134.0,93.0,73.0
132.0,87.0,69.0
131.0,89.0,71.0
124.0,85.0,66.0
112.0,78.0,62.0
93.0,67.0,56.0
58.0,43.0,40.0
21.0,18.0,19.0
17.0,18.0,19.0
22.0,20.0,21.0
23.0,22.0,23.0
22.0,22.0,24.0
20.0,21.0,23.0
21.0,22.0,25.0
23.0,24.0,25.0
25.0,27.0,29.0
25.0,28.0,33.0
22.0,26.0,31.0
25.0,27.0,31.0
17.0,20.0,25.0
16.0,21.0,27.0
133.0,141.0,91.0
134.0,144.0,88.0
134.0,148.0,92.0
151.0,161.0,124.0
144.0,144.0,119.0
133.0,129.0,114.0
120.0,117.0,101.0
123.0,116.0,99.0
134.0,117.0,100.0
146.0,128.0,111.0
164.0,163.0,157.0
161.0,158.0,151.0
154.0,146.0,133.0
124.0,116.0,103.0
113.0,105.0,94.0
84.0,75.0,65.0
73.0,63.0,49.0
53.0,44.0,31.0
50.0,41.0,30.0
47.0,37.0,28.0
42.0,30.0,24.0
57.0,45.0,38.0
78.0,62.0,52.0
102.0,74.0,59.0
112.0,80.0,64.0
125.0,93.0,75.0
149.0,111.0,91.0
167.0,133.0,109.0
159.0,124.0,100.0
178.0,154.0,129.0
121.0,108.0,98.0
33.0,29.0,34.0
11.0,12.0,21.0
7.0,10.0,20.0
4.0,6.0,11.0
5.0,8.0,11.0
10.0,11.0,14.0
10.0,12.0,16.0
13.0,15.0,17.0
15.0,16.0,17.0
15.0,17.0,20.0
14.0,17.0,21.0
16.0,18.0,22.0
16.0,19.0,23.0
16.0,19.0,22.0
22.0,23.0,25.0
15.0,18.0,23.0
14.0,18.0,24.0
134.0,145.0,83.0
120.0,131.0,72.0
122.0,131.0,85.0
145.0,148.0,126.0
149.0,139.0,126.0
150.0,138.0,124.0
147.0,134.0,116.0
158.0,141.0,121.0
163.0,142.0,118.0
159.0,140.0,120.0
155.0,152.0,143.0
156.0,149.0,140.0
172.0,159.0,146.0
164.0,151.0,138.0
154.0,145.0,136.0
145.0,139.0,130.0
131.0,126.0,113.0
108.0,103.0,93.0
123.0,112.0,100.0
166.0,153.0,138.0
171.0,155.0,135.0
197.0,180.0,157.0
210.0,193.0,169.0
213.0,192.0,166.0
216.0,195.0,167.0
219.0,199.0,170.0
219.0,197.0,167.0
213.0,192.0,164.0
205.0,186.0,156.0
207.0,190.0,161.0
169.0,159.0,146.0
47.0,47.0,57.0
8.0,11.0,22.0
8.0,11.0,20.0
5.0,7.0,11.0
8.0,10.0,14.0
11.0,12.0,17.0
16.0,16.0,21.0
19.0,19.0,22.0
25.0,24.0,23.0
21.0,21.0,23.0
16.0,18.0,23.0
16.0,18.0,22.0
16.0,18.0,21.0
20.0,21.0,22.0
21.0,22.0,22.0
16.0,19.0,20.0
15.0,18.0,20.0
156.0,166.0,91.0
139.0,151.0,83.0
153.0,152.0,112.0
141.0,140.0,131.0
137.0,128.0,127.0
140.0,132.0,125.0
138.0,127.0,114.0
150.0,138.0,123.0
154.0,140.0,125.0
149.0,138.0,127.0
149.0,150.0,147.0
153.0,150.0,146.0
155.0,149.0,141.0
148.0,141.0,134.0
141.0,136.0,133.0
134.0,133.0,131.0
120.0,120.0,116.0
129.0,128.0,125.0
160.0,151.0,139.0
206.0,197.0,181.0
214.0,201.0,178.0
224.0,208.0,182.0
228.0,212.0,186.0
229.0,212.0,184.0
229.0,212.0,182.0
229.0,211.0,181.0
222.0,203.0,172.0
217.0,198.0,169.0
215.0,197.0,168.0
211.0,194.0,164.0
197.0,183.0,163.0
94.0,93.0,97.0
20.0,23.0,34.0
21.0,24.0,35.0
7.0,9.0,15.0
6.0,6.0,12.0
8.0,11.0,16.0
13.0,15.0,20.0
16.0,16.0,21.0
19.0,19.0,21.0
12.0,14.0,19.0
10.0,13.0,18.0
10.0,14.0,18.0
9.0,13.0,17.0
14.0,16.0,20.0
10.0,14.0,18.0
10.0,14.0,19.0
11.0,15.0,19.0
138.0,148.0,84.0
137.0,145.0,82.0
175.0,160.0,121.0
143.0,135.0,126.0
138.0,132.0,126.0
133.0,128.0,124.0
129.0,121.0,117.0
121.0,104.0,95.0
122.0,103.0,93.0
133.0,126.0,121.0
140.0,146.0,146.0
164.0,160.0,152.0
159.0,152.0,139.0
143.0,135.0,122.0
140.0,134.0,123.0
125.0,121.0,111.0
109.0,107.0,99.0
120.0,119.0,111.0
167.0,158.0,142.0
206.0,197.0,181.0
216.0,201.0,178.0
223.0,206.0,180.0
229.0,212.0,186.0
230.0,214.0,185.0
230.0,213.0,183.0
229.0,212.0,181.0
222.0,203.0,171.0
220.0,201.0,171.0
209.0,192.0,165.0
185.0,171.0,147.0
157.0,146.0,132.0
110.0,108.0,112.0
37.0,40.0,50.0
32.0,35.0,47.0
16.0,20.0,29.0
5.0,6.0,13.0
3.0,5.0,9.0
5.0,7.0,12.0
8.0,11.0,15.0
14.0,16.0,17.0
11.0,14.0,18.0
11.0,15.0,19.0
13.0,16.0,21.0
14.0,17.0,21.0
16.0,19.0,22.0
11.0,15.0,21.0
12.0,17.0,22.0
18.0,22.0,27.0
119.0,134.0,74.0
135.0,139.0,79.0
185.0,157.0,120.0
171.0,154.0,143.0
189.0,169.0,163.0
181.0,164.0,160.0
168.0,157.0,154.0
158.0,130.0,117.0
161.0,125.0,108.0
167.0,152.0,141.0
175.0,177.0,179.0
197.0,190.0,181.0
190.0,181.0,166.0
171.0,163.0,149.0
156.0,151.0,140.0
147.0,140.0,129.0
141.0,139.0,131.0
155.0,152.0,144.0
206.0,194.0,176.0
213.0,204.0,186.0
217.0,203.0,178.0
222.0,205.0,179.0
228.0,211.0,185.0
231.0,214.0,186.0
230.0,213.0,184.0
228.0,210.0,180.0
225.0,205.0,174.0
204.0,187.0,160.0
88.0,80.0,74.0
35.0,32.0,33.0
19.0,18.0,22.0
67.0,68.0,73.0
44.0,47.0,56.0
39.0,43.0,53.0
32.0,35.0,44.0
24.0,27.0,35.0
9.0,11.0,17.0
5.0,7.0,12.0
4.0,7.0,11.0
7.0,10.0,14.0
9.0,11.0,14.0
10.0,12.0,14.0
10.0,12.0,15.0
8.0,12.0,15.0
9.0,14.0,17.0
34.0,38.0,41.0
83.0,85.0,87.0
138.0,139.0,137.0
102.0,120.0,59.0
131.0,133.0,74.0
192.0,166.0,131.0
189.0,173.0,163.0
188.0,161.0,152.0
177.0,148.0,138.0
171.0,153.0,146.0
173.0,139.0,122.0
184.0,142.0,120.0
187.0,167.0,149.0
188.0,181.0,171.0
201.0,193.0,180.0
199.0,190.0,177.0
176.0,169.0,157.0
155.0,149.0,137.0
155.0,151.0,141.0
148.0,147.0,141.0
166.0,159.0,149.0
219.0,203.0,184.0
215.0,205.0,187.0
219.0,203.0,179.0
224.0,207.0,181.0
227.0,210.0,183.0
230.0,214.0,186.0
229.0,212.0,183.0
226.0,209.0,179.0
228.0,209.0,178.0
185.0,171.0,150.0
35.0,38.0,50.0
6.0,10.0,20.0
5.0,8.0,17.0
46.0,49.0,60.0
70.0,72.0,81.0
45.0,48.0,57.0
26.0,30.0,40.0
34.0,36.0,46.0
37.0,38.0,46.0
22.0,23.0,32.0
9.0,12.0,21.0
7.0,11.0,18.0
11.0,13.0,17.0
18.0,17.0,19.0
26.0,24.0,22.0
41.0,42.0,40.0
106.0,107.0,106.0
179.0,177.0,174.0
206.0,202.0,196.0
214.0,210.0,200.0
89.0,106.0,57.0
115.0,121.0,69.0
184.0,167.0,139.0
201.0,191.0,183.0
186.0,158.0,145.0
166.0,132.0,117.0
166.0,141.0,128.0
171.0,135.0,118.0
183.0,148.0,128.0
186.0,169.0,151.0
190.0,186.0,179.0
197.0,194.0,186.0
190.0,182.0,171.0
165.0,159.0,148.0
148.0,144.0,136.0
144.0,143.0,135.0
154.0,154.0,149.0
187.0,177.0,166.0
221.0,204.0,184.0
214.0,203.0,184.0
219.0,203.0,179.0
225.0,209.0,183.0
225.0,209.0,180.0
228.0,213.0,183.0
228.0,211.0,181.0
228.0,211.0,181.0
229.0,210.0,180.0
210.0,194.0,168.0
109.0,107.0,112.0
47.0,53.0,74.0
37.0,44.0,66.0
55.0,61.0,84.0
76.0,79.0,92.0
71.0,71.0,76.0
35.0,36.0,45.0
26.0,27.0,39.0
26.0,28.0,41.0
31.0,33.0,44.0
31.0,33.0,43.0
19.0,22.0,33.0
15.0,18.0,31.0
18.0,18.0,29.0
62.0,54.0,55.0
163.0,157.0,148.0
204.0,200.0,188.0
213.0,207.0,197.0
213.0,205.0,195.0
208.0,200.0,190.0
95.0,117.0,70.0
106.0,120.0,76.0
177.0,167.0,148.0
196.0,188.0,181.0
176.0,153.0,138.0
164.0,137.0,121.0
159.0,135.0,120.0
169.0,139.0,123.0
177.0,154.0,137.0
179.0,169.0,155.0
181.0,183.0,181.0
182.0,184.0,182.0
169.0,165.0,155.0
162.0,158.0,148.0
154.0,153.0,148.0
146.0,146.0,140.0
154.0,155.0,150.0
187.0,175.0,163.0
209.0,190.0,168.0
211.0,198.0,178.0
218.0,202.0,177.0
223.0,207.0,181.0
223.0,206.0,179.0
226.0,210.0,180.0
229.0,212.0,182.0
229.0,211.0,181.0
229.0,210.0,178.0
226.0,207.0,176.0
210.0,192.0,167.0
146.0,136.0,125.0
85.0,83.0,87.0
71.0,73.0,86.0
50.0,53.0,67.0
71.0,71.0,79.0
58.0,57.0,63.0
36.0,37.0,46.0
26.0,28.0,41.0
22.0,24.0,36.0
20.0,23.0,36.0
22.0,26.0,38.0
21.0,25.0,37.0
31.0,33.0,44.0
153.0,150.0,145.0
208.0,200.0,185.0
208.0,200.0,186.0
206.0,199.0,186.0
207.0,201.0,189.0
212.0,207.0,196.0
106.0,129.0,77.0
106.0,125.0,76.0
159.0,153.0,128.0
185.0,172.0,164.0
176.0,161.0,152.0
161.0,145.0,135.0
154.0,140.0,130.0
164.0,141.0,128.0
170.0,155.0,138.0
181.0,170.0,155.0
174.0,178.0,176.0
167.0,172.0,172.0
166.0,163.0,153.0
153.0,151.0,142.0
151.0,151.0,145.0
148.0,148.0,140.0
159.0,159.0,150.0
188.0,177.0,160.0
202.0,184.0,159.0
202.0,188.0,167.0
213.0,197.0,174.0
219.0,203.0,177.0
221.0,204.0,177.0
228.0,212.0,182.0
231.0,215.0,184.0
230.0,212.0,181.0
230.0,210.0,179.0
227.0,207.0,177.0
216.0,190.0,159.0
196.0,164.0,129.0
174.0,148.0,115.0
143.0,123.0,100.0
105.0,96.0,88.0
61.0,62.0,67.0
60.0,60.0,66.0
45.0,46.0,52.0
38.0,39.0,47.0
29.0,31.0,41.0
20.0,23.0,35.0
15.0,19.0,31.0
15.0,19.0,29.0
103.0,101.0,100.0
216.0,206.0,191.0
212.0,201.0,186.0
216.0,207.0,194.0
214.0,207.0,195.0
212.0,205.0,194.0
212.0,206.0,195.0
106.0,130.0,77.0
102.0,127.0,68.0
129.0,140.0,104.0
166.0,162.0,150.0
174.0,163.0,154.0
154.0,144.0,135.0
152.0,140.0,132.0
168.0,141.0,127.0
183.0,164.0,141.0
198.0,182.0,161.0
183.0,183.0,177.0
164.0,167.0,165.0
157.0,154.0,147.0
144.0,143.0,138.0
145.0,146.0,145.0
138.0,138.0,137.0
152.0,150.0,137.0
187.0,180.0,155.0
184.0,176.0,148.0
181.0,171.0,147.0
205.0,190.0,167.0
215.0,199.0,174.0
219.0,203.0,174.0
228.0,212.0,182.0
231.0,214.0,184.0
231.0,212.0,182.0
231.0,212.0,180.0
234.0,217.0,188.0
191.0,156.0,122.0
165.0,112.0,70.0
202.0,164.0,119.0
207.0,172.0,127.0
187.0,158.0,122.0
103.0,96.0,90.0
71.0,72.0,77.0
33.0,37.0,45.0
32.0,36.0,44.0
30.0,33.0,42.0
27.0,31.0,41.0
24.0,27.0,37.0
67.0,66.0,69.0
205.0,195.0,178.0
210.0,194.0,176.0
208.0,197.0,180.0
198.0,189.0,173.0
189.0,178.0,162.0
185.0,173.0,158.0
185.0,174.0,159.0
105.0,130.0,80.0
103.0,128.0,78.0
127.0,141.0,108.0
155.0,153.0,139.0
143.0,130.0,115.0
129.0,117.0,104.0
119.0,109.0,98.0
133.0,121.0,106.0
176.0,162.0,141.0
200.0,182.0,163.0
170.0,171.0,167.0
118.0,121.0,121.0
101.0,102.0,102.0
95.0,96.0,96.0
96.0,97.0,100.0
95.0,98.0,100.0
114.0,113.0,101.0
151.0,149.0,125.0
151.0,148.0,123.0
159.0,152.0,129.0
190.0,177.0,154.0
202.0,186.0,162.0
205.0,189.0,162.0
209.0,193.0,165.0
210.0,194.0,166.0
213.0,194.0,166.0
233.0,211.0,179.0
249.0,233.0,205.0
194.0,159.0,125.0
157.0,99.0,53.0
185.0,145.0,103.0
188.0,156.0,115.0
185.0,154.0,112.0
154.0,132.0,108.0
95.0,91.0,89.0
39.0,42.0,50.0
32.0,36.0,45.0
28.0,31.0,40.0
24.0,28.0,38.0
40.0,40.0,48.0
176.0,167.0,153.0
215.0,200.0,178.0
188.0,171.0,154.0
176.0,160.0,144.0
168.0,152.0,136.0
167.0,153.0,139.0
164.0,152.0,138.0
162.0,149.0,134.0
119.0,129.0,92.0
117.0,125.0,91.0
133.0,137.0,110.0
149.0,144.0,126.0
136.0,127.0,108.0
128.0,120.0,101.0
123.0,115.0,98.0
134.0,125.0,107.0
163.0,153.0,133.0
170.0,158.0,136.0
151.0,146.0,132.0
125.0,123.0,110.0
120.0,116.0,102.0
123.0,117.0,102.0
121.0,115.0,100.0
118.0,114.0,98.0
124.0,119.0,101.0
134.0,128.0,108.0
131.0,125.0,105.0
131.0,124.0,105.0
138.0,130.0,112.0
140.0,131.0,113.0
139.0,129.0,111.0
138.0,128.0,108.0
141.0,129.0,107.0
190.0,164.0,134.0
238.0,204.0,169.0
250.0,220.0,187.0
198.0,155.0,120.0
154.0,95.0,48.0
143.0,107.0,72.0
138.0,117.0,88.0
135.0,115.0,86.0
131.0,110.0,82.0
119.0,105.0,91.0
59.0,58.0,63.0
28.0,31.0,39.0
9.0,13.0,22.0
13.0,17.0,26.0
107.0,104.0,100.0
224.0,211.0,186.0
188.0,171.0,152.0
178.0,161.0,146.0
183.0,171.0,157.0
192.0,183.0,171.0
198.0,190.0,180.0
202.0,196.0,185.0
201.0,195.0,186.0
118.0,115.0,90.0
117.0,114.0,90.0
119.0,115.0,94.0
128.0,121.0,102.0
128.0,121.0,103.0
118.0,112.0,92.0
122.0,116.0,98.0
124.0,117.0,100.0
126.0,120.0,103.0
125.0,121.0,103.0
124.0,118.0,102.0
123.0,119.0,103.0
121.0,118.0,102.0
121.0,116.0,101.0
118.0,112.0,96.0
117.0,112.0,97.0
110.0,105.0,91.0
109.0,104.0,90.0
108.0,103.0,90.0
109.0,103.0,90.0
110.0,103.0,90.0
109.0,103.0,90.0
112.0,104.0,92.0
117.0,108.0,94.0
156.0,134.0,108.0
224.0,181.0,140.0
235.0,189.0,149.0
239.0,193.0,154.0
197.0,144.0,104.0
155.0,93.0,48.0
133.0,95.0,63.0
117.0,100.0,76.0
116.0,100.0,75.0
117.0,100.0,76.0
108.0,96.0,81.0
57.0,56.0,60.0
40.0,42.0,51.0
26.0,31.0,41.0
65.0,65.0,68.0
207.0,195.0,175.0
208.0,189.0,166.0
180.0,162.0,144.0
191.0,176.0,162.0
193.0,181.0,167.0
187.0,174.0,162.0
184.0,170.0,158.0
190.0,177.0,164.0
192.0,179.0,164.0
99.0,94.0,74.0
99.0,94.0,74.0
102.0,95.0,78.0
98.0,91.0,74.0
96.0,90.0,72.0
93.0,89.0,70.0
98.0,93.0,77.0
95.0,89.0,73.0
93.0,90.0,72.0
98.0,95.0,79.0
106.0,103.0,88.0
104.0,101.0,88.0
98.0,95.0,83.0
99.0,95.0,83.0
101.0,97.0,84.0
98.0,95.0,82.0
89.0,85.0,72.0
96.0,90.0,76.0
103.0,95.0,80.0
101.0,89.0,74.0
98.0,86.0,71.0
102.0,90.0,75.0
96.0,84.0,70.0
103.0,88.0,73.0
170.0,136.0,103.0
223.0,174.0,128.0
227.0,175.0,132.0
228.0,176.0,134.0
193.0,138.0,96.0
153.0,92.0,47.0
125.0,85.0,52.0
103.0,89.0,71.0
112.0,101.0,88.0
112.0,101.0,94.0
105.0,98.0,96.0
71.0,70.0,74.0
43.0,46.0,54.0
56.0,58.0,64.0
180.0,171.0,159.0
214.0,194.0,170.0
179.0,151.0,128.0
171.0,144.0,123.0
167.0,144.0,123.0
164.0,143.0,124.0
169.0,147.0,129.0
174.0,153.0,133.0
170.0,149.0,128.0
165.0,143.0,122.0
82.0,78.0,60.0
82.0,77.0,60.0
80.0,76.0,59.0
79.0,75.0,58.0
83.0,79.0,62.0
77.0,74.0,57.0
76.0,72.0,56.0
75.0,70.0,54.0
75.0,72.0,55.0
77.0,73.0,57.0
87.0,82.0,67.0
84.0,79.0,66.0
77.0,72.0,60.0
79.0,74.0,62.0
85.0,80.0,68.0
78.0,72.0,60.0
76.0,69.0,56.0
103.0,91.0,76.0
128.0,109.0,89.0
121.0,101.0,81.0
106.0,89.0,72.0
92.0,75.0,62.0
58.0,43.0,35.0
44.0,31.0,25.0
71.0,52.0,38.0
132.0,100.0,74.0
152.0,116.0,87.0
157.0,121.0,92.0
154.0,113.0,83.0
151.0,103.0,71.0
150.0,114.0,88.0
146.0,128.0,114.0
146.0,128.0,120.0
128.0,111.0,109.0
101.0,89.0,88.0
86.0,81.0,82.0
67.0,67.0,72.0
143.0,138.0,130.0
208.0,186.0,163.0
171.0,138.0,112.0
152.0,116.0,92.0
148.0,115.0,91.0
164.0,134.0,111.0
174.0,145.0,123.0
167.0,141.0,118.0
157.0,135.0,111.0
154.0,134.0,111.0
153.0,135.0,115.0
