x_coordinate,y_coordinate,r,g,b
1.0,1.0,222.0,209.0,178.0
1.0,2.0,221.0,217.0,183.0
1.0,3.0,228.0,211.0,159.0
1.0,4.0,225.0,199.0,151.0
1.0,5.0,183.0,176.0,137.0
1.0,6.0,174.0,168.0,124.0
1.0,7.0,168.0,164.0,125.0
1.0,8.0,146.0,149.0,118.0
1.0,9.0,129.0,132.0,104.0
1.0,10.0,134.0,135.0,108.0
1.0,11.0,136.0,139.0,107.0
1.0,12.0,165.0,164.0,125.0
1.0,13.0,185.0,179.0,138.0
1.0,14.0,183.0,176.0,135.0
1.0,15.0,158.0,160.0,128.0
1.0,16.0,162.0,165.0,139.0
1.0,17.0,161.0,153.0,130.0
1.0,18.0,156.0,147.0,129.0
1.0,19.0,175.0,178.0,175.0
1.0,20.0,182.0,188.0,187.0
1.0,21.0,184.0,173.0,157.0
1.0,22.0,194.0,161.0,110.0
1.0,23.0,181.0,133.0,63.0
1.0,24.0,151.0,103.0,30.0
1.0,25.0,131.0,83.0,10.0
1.0,26.0,121.0,74.0,2.0
1.0,27.0,116.0,71.0,2.0
1.0,28.0,123.0,79.0,8.0
1.0,29.0,117.0,74.0,16.0
1.0,30.0,104.0,70.0,38.0
1.0,31.0,166.0,148.0,123.0
1.0,32.0,160.0,147.0,124.0
1.0,33.0,159.0,144.0,122.0
1.0,34.0,207.0,188.0,161.0
1.0,35.0,208.0,188.0,160.0
1.0,36.0,206.0,187.0,158.0
1.0,37.0,204.0,184.0,156.0
1.0,38.0,205.0,181.0,147.0
1.0,39.0,209.0,181.0,143.0
1.0,40.0,217.0,194.0,164.0
1.0,41.0,165.0,143.0,116.0
1.0,42.0,123.0,112.0,106.0
1.0,43.0,109.0,114.0,134.0
1.0,44.0,116.0,121.0,143.0
1.0,45.0,104.0,80.0,95.0
1.0,46.0,140.0,78.0,88.0
1.0,47.0,141.0,77.0,88.0
1.0,48.0,136.0,75.0,86.0
2.0,1.0,196.0,195.0,157.0
2.0,2.0,182.0,187.0,149.0
2.0,3.0,188.0,181.0,132.0
2.0,4.0,210.0,195.0,150.0
2.0,5.0,184.0,179.0,139.0
2.0,6.0,177.0,172.0,125.0
2.0,7.0,176.0,171.0,124.0
2.0,8.0,147.0,152.0,113.0
2.0,9.0,140.0,144.0,106.0
2.0,10.0,158.0,156.0,118.0
2.0,11.0,170.0,166.0,125.0
2.0,12.0,204.0,197.0,152.0
2.0,13.0,186.0,180.0,139.0
2.0,14.0,175.0,172.0,136.0
2.0,15.0,170.0,173.0,144.0
2.0,16.0,174.0,175.0,153.0
2.0,17.0,157.0,151.0,133.0
2.0,18.0,161.0,159.0,150.0
2.0,19.0,170.0,175.0,180.0
2.0,20.0,157.0,167.0,173.0
2.0,21.0,158.0,161.0,161.0
2.0,22.0,208.0,189.0,167.0
2.0,23.0,196.0,157.0,111.0
2.0,24.0,190.0,152.0,96.0
2.0,25.0,166.0,122.0,57.0
2.0,26.0,135.0,89.0,23.0
2.0,27.0,127.0,81.0,13.0
2.0,28.0,133.0,86.0,18.0
2.0,29.0,132.0,83.0,31.0
2.0,30.0,112.0,74.0,42.0
2.0,31.0,132.0,115.0,90.0
2.0,32.0,132.0,120.0,99.0
2.0,33.0,134.0,122.0,102.0
2.0,34.0,176.0,161.0,138.0
2.0,35.0,186.0,169.0,144.0
2.0,36.0,192.0,174.0,148.0
2.0,37.0,195.0,177.0,150.0
2.0,38.0,199.0,177.0,144.0
2.0,39.0,207.0,182.0,149.0
2.0,40.0,191.0,172.0,145.0
2.0,41.0,133.0,121.0,114.0
2.0,42.0,124.0,124.0,141.0
2.0,43.0,121.0,127.0,147.0
2.0,44.0,102.0,108.0,131.0
2.0,45.0,91.0,82.0,102.0
2.0,46.0,103.0,61.0,73.0
2.0,47.0,88.0,45.0,56.0
2.0,48.0,82.0,40.0,51.0
3.0,1.0,167.0,178.0,133.0
3.0,2.0,140.0,158.0,112.0
3.0,3.0,129.0,141.0,93.0
3.0,4.0,159.0,162.0,125.0
3.0,5.0,156.0,160.0,129.0
3.0,6.0,166.0,164.0,128.0
3.0,7.0,174.0,171.0,134.0
3.0,8.0,157.0,159.0,131.0
3.0,9.0,145.0,146.0,130.0
3.0,10.0,151.0,149.0,134.0
3.0,11.0,178.0,172.0,149.0
3.0,12.0,213.0,204.0,169.0
3.0,13.0,195.0,192.0,156.0
3.0,14.0,157.0,162.0,131.0
3.0,15.0,152.0,159.0,133.0
3.0,16.0,161.0,162.0,140.0
3.0,17.0,164.0,160.0,147.0
3.0,18.0,181.0,185.0,186.0
3.0,19.0,178.0,188.0,195.0
3.0,20.0,157.0,167.0,175.0
3.0,21.0,173.0,176.0,176.0
3.0,22.0,225.0,211.0,195.0
3.0,23.0,186.0,151.0,122.0
3.0,24.0,198.0,171.0,140.0
3.0,25.0,205.0,173.0,132.0
3.0,26.0,194.0,158.0,114.0
3.0,27.0,183.0,146.0,101.0
3.0,28.0,176.0,137.0,96.0
3.0,29.0,172.0,131.0,99.0
3.0,30.0,135.0,104.0,76.0
3.0,31.0,134.0,115.0,86.0
3.0,32.0,132.0,116.0,90.0
3.0,33.0,126.0,112.0,89.0
3.0,34.0,130.0,115.0,91.0
3.0,35.0,140.0,124.0,98.0
3.0,36.0,151.0,135.0,108.0
3.0,37.0,153.0,137.0,112.0
3.0,38.0,155.0,139.0,112.0
3.0,39.0,170.0,151.0,122.0
3.0,40.0,148.0,136.0,124.0
3.0,41.0,120.0,121.0,136.0
3.0,42.0,121.0,125.0,145.0
3.0,43.0,98.0,104.0,127.0
3.0,44.0,84.0,91.0,114.0
3.0,45.0,62.0,70.0,92.0
3.0,46.0,35.0,33.0,47.0
3.0,47.0,55.0,47.0,61.0
3.0,48.0,67.0,57.0,74.0
4.0,1.0,134.0,152.0,105.0
4.0,2.0,121.0,145.0,95.0
4.0,3.0,106.0,128.0,81.0
4.0,4.0,134.0,146.0,115.0
4.0,5.0,142.0,147.0,124.0
4.0,6.0,157.0,158.0,139.0
4.0,7.0,153.0,153.0,150.0
4.0,8.0,132.0,134.0,136.0
4.0,9.0,128.0,129.0,133.0
4.0,10.0,131.0,131.0,137.0
4.0,11.0,139.0,137.0,139.0
4.0,12.0,155.0,151.0,142.0
4.0,13.0,150.0,151.0,138.0
4.0,14.0,133.0,139.0,127.0
4.0,15.0,129.0,134.0,126.0
4.0,16.0,128.0,131.0,126.0
4.0,17.0,136.0,138.0,139.0
4.0,18.0,145.0,150.0,156.0
4.0,19.0,145.0,150.0,156.0
4.0,20.0,141.0,145.0,152.0
4.0,21.0,186.0,186.0,185.0
4.0,22.0,235.0,223.0,210.0
4.0,23.0,178.0,145.0,118.0
4.0,24.0,176.0,156.0,132.0
4.0,25.0,195.0,177.0,150.0
4.0,26.0,209.0,187.0,161.0
4.0,27.0,220.0,198.0,171.0
4.0,28.0,233.0,209.0,183.0
4.0,29.0,195.0,171.0,147.0
4.0,30.0,175.0,153.0,128.0
4.0,31.0,203.0,179.0,149.0
4.0,32.0,198.0,176.0,146.0
4.0,33.0,184.0,166.0,138.0
4.0,34.0,176.0,158.0,129.0
4.0,35.0,179.0,159.0,126.0
4.0,36.0,184.0,162.0,125.0
4.0,37.0,173.0,152.0,118.0
4.0,38.0,154.0,134.0,103.0
4.0,39.0,137.0,121.0,100.0
4.0,40.0,119.0,118.0,129.0
4.0,41.0,117.0,123.0,142.0
4.0,42.0,105.0,112.0,133.0
4.0,43.0,87.0,94.0,118.0
4.0,44.0,67.0,78.0,100.0
4.0,45.0,53.0,64.0,85.0
4.0,46.0,55.0,61.0,79.0
4.0,47.0,65.0,71.0,81.0
4.0,48.0,48.0,56.0,73.0
5.0,1.0,133.0,151.0,105.0
5.0,2.0,114.0,136.0,91.0
5.0,3.0,96.0,120.0,77.0
5.0,4.0,135.0,145.0,118.0
5.0,5.0,155.0,153.0,130.0
5.0,6.0,153.0,152.0,139.0
5.0,7.0,117.0,120.0,129.0
5.0,8.0,96.0,100.0,110.0
5.0,9.0,96.0,98.0,107.0
5.0,10.0,95.0,97.0,106.0
5.0,11.0,97.0,97.0,106.0
5.0,12.0,101.0,102.0,107.0
5.0,13.0,102.0,104.0,111.0
5.0,14.0,103.0,106.0,114.0
5.0,15.0,103.0,107.0,115.0
5.0,16.0,97.0,100.0,111.0
5.0,17.0,94.0,98.0,109.0
5.0,18.0,98.0,99.0,108.0
5.0,19.0,100.0,101.0,107.0
5.0,20.0,105.0,105.0,111.0
5.0,21.0,133.0,132.0,133.0
5.0,22.0,204.0,194.0,183.0
5.0,23.0,176.0,144.0,118.0
5.0,24.0,143.0,128.0,109.0
5.0,25.0,152.0,147.0,131.0
5.0,26.0,161.0,155.0,141.0
5.0,27.0,186.0,172.0,154.0
5.0,28.0,227.0,201.0,177.0
5.0,29.0,164.0,139.0,116.0
5.0,30.0,168.0,152.0,131.0
5.0,31.0,194.0,174.0,144.0
5.0,32.0,204.0,184.0,153.0
5.0,33.0,202.0,185.0,157.0
5.0,34.0,198.0,181.0,154.0
5.0,35.0,197.0,180.0,152.0
5.0,36.0,196.0,179.0,150.0
5.0,37.0,194.0,177.0,148.0
5.0,38.0,183.0,165.0,139.0
5.0,39.0,128.0,122.0,125.0
5.0,40.0,101.0,104.0,121.0
5.0,41.0,85.0,89.0,107.0
5.0,42.0,69.0,75.0,94.0
5.0,43.0,53.0,61.0,83.0
5.0,44.0,40.0,48.0,69.0
5.0,45.0,43.0,53.0,74.0
5.0,46.0,46.0,55.0,73.0
5.0,47.0,55.0,63.0,71.0
5.0,48.0,39.0,40.0,51.0
6.0,1.0,167.0,176.0,138.0
6.0,2.0,115.0,134.0,92.0
6.0,3.0,97.0,115.0,76.0
6.0,4.0,145.0,149.0,119.0
6.0,5.0,167.0,166.0,126.0
6.0,6.0,138.0,139.0,122.0
6.0,7.0,96.0,100.0,109.0
6.0,8.0,86.0,90.0,99.0
6.0,9.0,84.0,86.0,96.0
6.0,10.0,83.0,85.0,94.0
6.0,11.0,81.0,83.0,92.0
6.0,12.0,78.0,81.0,90.0
6.0,13.0,83.0,86.0,96.0
6.0,14.0,90.0,93.0,104.0
6.0,15.0,84.0,88.0,99.0
6.0,16.0,79.0,83.0,94.0
6.0,17.0,82.0,86.0,97.0
6.0,18.0,87.0,90.0,101.0
6.0,19.0,88.0,89.0,98.0
6.0,20.0,91.0,90.0,98.0
6.0,21.0,81.0,80.0,85.0
6.0,22.0,117.0,103.0,97.0
6.0,23.0,175.0,136.0,111.0
6.0,24.0,173.0,150.0,127.0
6.0,25.0,163.0,153.0,134.0
6.0,26.0,160.0,153.0,136.0
6.0,27.0,181.0,165.0,145.0
6.0,28.0,208.0,178.0,154.0
6.0,29.0,156.0,131.0,107.0
6.0,30.0,140.0,131.0,112.0
6.0,31.0,148.0,132.0,105.0
6.0,32.0,194.0,175.0,144.0
6.0,33.0,197.0,180.0,154.0
6.0,34.0,192.0,175.0,149.0
6.0,35.0,194.0,179.0,153.0
6.0,36.0,189.0,179.0,164.0
6.0,37.0,177.0,171.0,167.0
6.0,38.0,147.0,145.0,150.0
6.0,39.0,67.0,68.0,79.0
6.0,40.0,17.0,22.0,31.0
6.0,41.0,10.0,16.0,26.0
6.0,42.0,15.0,20.0,30.0
6.0,43.0,19.0,25.0,37.0
6.0,44.0,24.0,30.0,43.0
6.0,45.0,44.0,51.0,70.0
6.0,46.0,35.0,45.0,64.0
6.0,47.0,28.0,33.0,49.0
6.0,48.0,39.0,21.0,29.0
7.0,1.0,189.0,188.0,148.0
7.0,2.0,138.0,137.0,104.0
7.0,3.0,115.0,111.0,84.0
7.0,4.0,151.0,147.0,118.0
7.0,5.0,169.0,170.0,128.0
7.0,6.0,120.0,123.0,115.0
7.0,7.0,89.0,93.0,104.0
7.0,8.0,86.0,90.0,100.0
7.0,9.0,83.0,84.0,93.0
7.0,10.0,83.0,83.0,93.0
7.0,11.0,82.0,83.0,92.0
7.0,12.0,79.0,82.0,91.0
7.0,13.0,75.0,79.0,88.0
7.0,14.0,78.0,82.0,92.0
7.0,15.0,85.0,89.0,100.0
7.0,16.0,84.0,88.0,98.0
7.0,17.0,84.0,88.0,99.0
7.0,18.0,83.0,87.0,98.0
7.0,19.0,77.0,78.0,86.0
7.0,20.0,69.0,68.0,73.0
7.0,21.0,60.0,59.0,63.0
7.0,22.0,81.0,66.0,63.0
7.0,23.0,166.0,125.0,98.0
7.0,24.0,197.0,167.0,139.0
7.0,25.0,182.0,167.0,146.0
7.0,26.0,173.0,165.0,145.0
7.0,27.0,206.0,189.0,164.0
7.0,28.0,192.0,166.0,142.0
7.0,29.0,190.0,171.0,149.0
7.0,30.0,152.0,143.0,125.0
7.0,31.0,148.0,128.0,99.0
7.0,32.0,196.0,175.0,145.0
7.0,33.0,194.0,177.0,151.0
7.0,34.0,188.0,172.0,145.0
7.0,35.0,189.0,178.0,158.0
7.0,36.0,171.0,169.0,176.0
7.0,37.0,140.0,142.0,157.0
7.0,38.0,53.0,55.0,65.0
7.0,39.0,9.0,10.0,18.0
7.0,40.0,9.0,13.0,24.0
7.0,41.0,12.0,19.0,32.0
7.0,42.0,16.0,23.0,37.0
7.0,43.0,17.0,25.0,38.0
7.0,44.0,19.0,28.0,42.0
7.0,45.0,41.0,49.0,67.0
7.0,46.0,30.0,37.0,55.0
7.0,47.0,40.0,28.0,41.0
7.0,48.0,56.0,25.0,31.0
8.0,1.0,168.0,155.0,124.0
8.0,2.0,117.0,102.0,86.0
8.0,3.0,98.0,85.0,73.0
8.0,4.0,111.0,101.0,87.0
8.0,5.0,123.0,121.0,111.0
8.0,6.0,98.0,101.0,108.0
8.0,7.0,92.0,96.0,107.0
8.0,8.0,84.0,88.0,97.0
8.0,9.0,79.0,81.0,90.0
8.0,10.0,78.0,81.0,90.0
8.0,11.0,83.0,87.0,96.0
8.0,12.0,85.0,88.0,98.0
8.0,13.0,82.0,86.0,96.0
8.0,14.0,77.0,81.0,92.0
8.0,15.0,78.0,82.0,92.0
8.0,16.0,85.0,89.0,100.0
8.0,17.0,85.0,89.0,100.0
8.0,18.0,78.0,80.0,91.0
8.0,19.0,68.0,68.0,74.0
8.0,20.0,57.0,56.0,58.0
8.0,21.0,52.0,50.0,52.0
8.0,22.0,70.0,57.0,53.0
8.0,23.0,159.0,116.0,88.0
8.0,24.0,207.0,173.0,142.0
8.0,25.0,187.0,172.0,150.0
8.0,26.0,179.0,170.0,151.0
8.0,27.0,216.0,202.0,178.0
8.0,28.0,211.0,196.0,173.0
8.0,29.0,203.0,194.0,178.0
8.0,30.0,135.0,127.0,111.0
8.0,31.0,171.0,149.0,119.0
8.0,32.0,198.0,178.0,146.0
8.0,33.0,192.0,176.0,149.0
8.0,34.0,189.0,173.0,149.0
8.0,35.0,178.0,172.0,171.0
8.0,36.0,137.0,137.0,153.0
8.0,37.0,69.0,72.0,85.0
8.0,38.0,41.0,44.0,60.0
8.0,39.0,40.0,47.0,65.0
8.0,40.0,36.0,46.0,66.0
8.0,41.0,35.0,46.0,66.0
8.0,42.0,37.0,47.0,67.0
8.0,43.0,38.0,49.0,70.0
8.0,44.0,41.0,52.0,73.0
8.0,45.0,28.0,34.0,50.0
8.0,46.0,27.0,23.0,35.0
8.0,47.0,46.0,21.0,28.0
8.0,48.0,45.0,17.0,21.0
9.0,1.0,145.0,133.0,113.0
9.0,2.0,82.0,72.0,64.0
9.0,3.0,71.0,61.0,54.0
9.0,4.0,70.0,61.0,56.0
9.0,5.0,76.0,75.0,79.0
9.0,6.0,90.0,95.0,104.0
9.0,7.0,95.0,99.0,110.0
9.0,8.0,90.0,94.0,105.0
9.0,9.0,86.0,90.0,100.0
9.0,10.0,82.0,84.0,94.0
9.0,11.0,77.0,79.0,87.0
9.0,12.0,69.0,70.0,77.0
9.0,13.0,74.0,75.0,84.0
9.0,14.0,79.0,82.0,92.0
9.0,15.0,77.0,81.0,91.0
9.0,16.0,75.0,78.0,89.0
9.0,17.0,74.0,76.0,86.0
9.0,18.0,66.0,66.0,73.0
9.0,19.0,56.0,56.0,58.0
9.0,20.0,50.0,49.0,50.0
9.0,21.0,45.0,43.0,44.0
9.0,22.0,61.0,50.0,47.0
9.0,23.0,141.0,100.0,76.0
9.0,24.0,168.0,145.0,126.0
9.0,25.0,175.0,163.0,146.0
9.0,26.0,183.0,172.0,153.0
9.0,27.0,218.0,204.0,181.0
9.0,28.0,222.0,210.0,190.0
9.0,29.0,189.0,183.0,171.0
9.0,30.0,135.0,126.0,111.0
9.0,31.0,187.0,167.0,139.0
9.0,32.0,196.0,175.0,144.0
9.0,33.0,189.0,172.0,146.0
9.0,34.0,182.0,171.0,162.0
9.0,35.0,138.0,136.0,149.0
9.0,36.0,47.0,50.0,62.0
9.0,37.0,67.0,73.0,91.0
9.0,38.0,71.0,80.0,102.0
9.0,39.0,54.0,65.0,88.0
9.0,40.0,58.0,69.0,93.0
9.0,41.0,63.0,75.0,99.0
9.0,42.0,61.0,75.0,98.0
9.0,43.0,55.0,67.0,89.0
9.0,44.0,32.0,39.0,56.0
9.0,45.0,21.0,18.0,30.0
9.0,46.0,38.0,17.0,23.0
9.0,47.0,40.0,13.0,18.0
9.0,48.0,38.0,12.0,16.0
10.0,1.0,150.0,136.0,116.0
10.0,2.0,74.0,65.0,59.0
10.0,3.0,51.0,42.0,38.0
10.0,4.0,54.0,41.0,38.0
10.0,5.0,73.0,63.0,60.0
10.0,6.0,96.0,99.0,105.0
10.0,7.0,92.0,97.0,108.0
10.0,8.0,82.0,86.0,96.0
10.0,9.0,76.0,77.0,86.0
10.0,10.0,69.0,69.0,75.0
10.0,11.0,61.0,61.0,65.0
10.0,12.0,57.0,55.0,59.0
10.0,13.0,57.0,56.0,61.0
10.0,14.0,66.0,67.0,74.0
10.0,15.0,68.0,71.0,78.0
10.0,16.0,62.0,64.0,71.0
10.0,17.0,56.0,55.0,59.0
10.0,18.0,49.0,47.0,49.0
10.0,19.0,47.0,46.0,46.0
10.0,20.0,45.0,43.0,42.0
10.0,21.0,40.0,38.0,39.0
10.0,22.0,53.0,42.0,40.0
10.0,23.0,123.0,84.0,62.0
10.0,24.0,90.0,73.0,69.0
10.0,25.0,109.0,105.0,103.0
10.0,26.0,165.0,157.0,140.0
10.0,27.0,198.0,182.0,158.0
10.0,28.0,208.0,194.0,173.0
10.0,29.0,160.0,150.0,140.0
10.0,30.0,100.0,90.0,80.0
10.0,31.0,153.0,138.0,116.0
10.0,32.0,182.0,162.0,133.0
10.0,33.0,180.0,166.0,147.0
10.0,34.0,138.0,136.0,142.0
10.0,35.0,48.0,49.0,59.0
10.0,36.0,49.0,54.0,67.0
10.0,37.0,60.0,69.0,90.0
10.0,38.0,56.0,67.0,89.0
10.0,39.0,66.0,77.0,98.0
10.0,40.0,64.0,74.0,97.0
10.0,41.0,56.0,68.0,90.0
10.0,42.0,44.0,53.0,73.0
10.0,43.0,21.0,27.0,41.0
10.0,44.0,18.0,17.0,27.0
10.0,45.0,33.0,16.0,22.0
10.0,46.0,39.0,13.0,17.0
10.0,47.0,37.0,11.0,17.0
10.0,48.0,37.0,12.0,17.0
11.0,1.0,170.0,157.0,128.0
11.0,2.0,112.0,100.0,86.0
11.0,3.0,73.0,58.0,51.0
11.0,4.0,95.0,67.0,55.0
11.0,5.0,120.0,88.0,73.0
11.0,6.0,118.0,110.0,109.0
11.0,7.0,81.0,84.0,93.0
11.0,8.0,65.0,66.0,73.0
11.0,9.0,61.0,62.0,66.0
11.0,10.0,61.0,60.0,64.0
11.0,11.0,59.0,58.0,62.0
11.0,12.0,56.0,55.0,57.0
11.0,13.0,51.0,51.0,52.0
11.0,14.0,50.0,49.0,50.0
11.0,15.0,60.0,57.0,57.0
11.0,16.0,51.0,49.0,50.0
11.0,17.0,46.0,42.0,40.0
11.0,18.0,48.0,43.0,40.0
11.0,19.0,58.0,53.0,49.0
11.0,20.0,54.0,49.0,45.0
11.0,21.0,42.0,38.0,37.0
11.0,22.0,47.0,36.0,32.0
11.0,23.0,114.0,76.0,53.0
11.0,24.0,72.0,51.0,42.0
11.0,25.0,75.0,72.0,70.0
11.0,26.0,132.0,130.0,120.0
11.0,27.0,124.0,117.0,112.0
11.0,28.0,146.0,134.0,123.0
11.0,29.0,99.0,84.0,79.0
11.0,30.0,58.0,44.0,39.0
11.0,31.0,93.0,82.0,68.0
11.0,32.0,149.0,134.0,110.0
11.0,33.0,153.0,147.0,143.0
11.0,34.0,76.0,77.0,87.0
11.0,35.0,63.0,67.0,78.0
11.0,36.0,42.0,45.0,60.0
11.0,37.0,39.0,44.0,59.0
11.0,38.0,49.0,55.0,74.0
11.0,39.0,45.0,53.0,72.0
11.0,40.0,41.0,49.0,66.0
11.0,41.0,31.0,38.0,54.0
11.0,42.0,14.0,18.0,29.0
11.0,43.0,20.0,17.0,26.0
11.0,44.0,35.0,16.0,23.0
11.0,45.0,43.0,16.0,21.0
11.0,46.0,46.0,19.0,24.0
11.0,47.0,47.0,19.0,26.0
11.0,48.0,47.0,18.0,25.0
12.0,1.0,146.0,147.0,109.0
12.0,2.0,176.0,165.0,139.0
12.0,3.0,175.0,163.0,144.0
12.0,4.0,197.0,179.0,155.0
12.0,5.0,201.0,181.0,154.0
12.0,6.0,171.0,164.0,152.0
12.0,7.0,86.0,86.0,90.0
12.0,8.0,62.0,62.0,67.0
12.0,9.0,57.0,57.0,60.0
12.0,10.0,49.0,47.0,47.0
12.0,11.0,43.0,40.0,40.0
12.0,12.0,48.0,45.0,45.0
12.0,13.0,69.0,62.0,56.0
12.0,14.0,77.0,66.0,57.0
12.0,15.0,111.0,93.0,77.0
12.0,16.0,105.0,88.0,74.0
12.0,17.0,108.0,90.0,76.0
12.0,18.0,100.0,84.0,73.0
12.0,19.0,101.0,87.0,76.0
12.0,20.0,81.0,69.0,59.0
12.0,21.0,66.0,54.0,47.0
12.0,22.0,71.0,55.0,46.0
12.0,23.0,122.0,87.0,64.0
12.0,24.0,130.0,92.0,77.0
12.0,25.0,125.0,93.0,84.0
12.0,26.0,142.0,122.0,112.0
12.0,27.0,88.0,76.0,78.0
12.0,28.0,97.0,85.0,86.0
12.0,29.0,65.0,50.0,49.0
12.0,30.0,81.0,69.0,63.0
12.0,31.0,96.0,86.0,74.0
12.0,32.0,133.0,125.0,115.0
12.0,33.0,113.0,113.0,124.0
12.0,34.0,54.0,59.0,71.0
12.0,35.0,35.0,40.0,53.0
12.0,36.0,30.0,32.0,44.0
12.0,37.0,30.0,30.0,41.0
12.0,38.0,33.0,34.0,45.0
12.0,39.0,36.0,39.0,54.0
12.0,40.0,30.0,34.0,48.0
12.0,41.0,15.0,17.0,29.0
12.0,42.0,21.0,15.0,26.0
12.0,43.0,36.0,16.0,24.0
12.0,44.0,42.0,16.0,22.0
12.0,45.0,44.0,16.0,23.0
12.0,46.0,45.0,17.0,24.0
12.0,47.0,47.0,19.0,26.0
12.0,48.0,48.0,20.0,28.0
13.0,1.0,141.0,145.0,105.0
13.0,2.0,201.0,194.0,159.0
13.0,3.0,221.0,214.0,188.0
13.0,4.0,231.0,222.0,200.0
13.0,5.0,237.0,228.0,204.0
13.0,6.0,209.0,204.0,189.0
13.0,7.0,103.0,103.0,103.0
13.0,8.0,57.0,56.0,59.0
13.0,9.0,45.0,42.0,43.0
13.0,10.0,40.0,35.0,36.0
13.0,11.0,39.0,34.0,32.0
13.0,12.0,61.0,52.0,47.0
13.0,13.0,121.0,104.0,88.0
13.0,14.0,125.0,101.0,81.0
13.0,15.0,136.0,110.0,88.0
13.0,16.0,119.0,98.0,81.0
13.0,17.0,119.0,100.0,84.0
13.0,18.0,102.0,84.0,73.0
13.0,19.0,81.0,68.0,59.0
13.0,20.0,52.0,42.0,35.0
13.0,21.0,61.0,48.0,40.0
13.0,22.0,81.0,65.0,55.0
13.0,23.0,110.0,86.0,71.0
13.0,24.0,178.0,126.0,111.0
13.0,25.0,196.0,111.0,94.0
13.0,26.0,197.0,121.0,106.0
13.0,27.0,174.0,107.0,97.0
13.0,28.0,145.0,94.0,89.0
13.0,29.0,85.0,57.0,53.0
13.0,30.0,87.0,73.0,65.0
13.0,31.0,101.0,93.0,85.0
13.0,32.0,138.0,137.0,143.0
13.0,33.0,72.0,76.0,91.0
13.0,34.0,30.0,33.0,48.0
13.0,35.0,28.0,30.0,43.0
13.0,36.0,31.0,34.0,47.0
13.0,37.0,29.0,31.0,43.0
13.0,38.0,32.0,32.0,44.0
13.0,39.0,31.0,31.0,42.0
13.0,40.0,17.0,18.0,28.0
13.0,41.0,25.0,15.0,24.0
13.0,42.0,37.0,15.0,22.0
13.0,43.0,43.0,16.0,22.0
13.0,44.0,46.0,19.0,26.0
13.0,45.0,51.0,22.0,30.0
13.0,46.0,54.0,24.0,32.0
13.0,47.0,53.0,23.0,31.0
13.0,48.0,53.0,23.0,31.0
14.0,1.0,143.0,144.0,105.0
14.0,2.0,190.0,180.0,148.0
14.0,3.0,216.0,206.0,179.0
14.0,4.0,222.0,208.0,184.0
14.0,5.0,209.0,202.0,182.0
14.0,6.0,166.0,164.0,154.0
14.0,7.0,110.0,109.0,107.0
14.0,8.0,71.0,71.0,68.0
14.0,9.0,44.0,42.0,40.0
14.0,10.0,48.0,42.0,40.0
14.0,11.0,70.0,59.0,51.0
14.0,12.0,115.0,97.0,82.0
14.0,13.0,146.0,123.0,103.0
14.0,14.0,126.0,102.0,82.0
14.0,15.0,101.0,81.0,65.0
14.0,16.0,79.0,64.0,53.0
14.0,17.0,81.0,67.0,57.0
14.0,18.0,92.0,76.0,65.0
14.0,19.0,90.0,75.0,63.0
14.0,20.0,66.0,53.0,44.0
14.0,21.0,70.0,59.0,51.0
14.0,22.0,77.0,65.0,57.0
14.0,23.0,83.0,68.0,58.0
14.0,24.0,111.0,85.0,75.0
14.0,25.0,172.0,126.0,111.0
14.0,26.0,186.0,125.0,109.0
14.0,27.0,176.0,94.0,78.0
14.0,28.0,185.0,104.0,89.0
14.0,29.0,199.0,143.0,131.0
14.0,30.0,177.0,133.0,123.0
14.0,31.0,113.0,98.0,97.0
14.0,32.0,128.0,129.0,140.0
14.0,33.0,53.0,58.0,76.0
14.0,34.0,42.0,47.0,66.0
14.0,35.0,35.0,40.0,56.0
14.0,36.0,33.0,37.0,50.0
14.0,37.0,29.0,31.0,44.0
14.0,38.0,28.0,29.0,41.0
14.0,39.0,21.0,19.0,29.0
14.0,40.0,26.0,14.0,22.0
14.0,41.0,38.0,14.0,20.0
14.0,42.0,40.0,15.0,21.0
14.0,43.0,42.0,16.0,22.0
14.0,44.0,46.0,19.0,25.0
14.0,45.0,53.0,24.0,30.0
14.0,46.0,56.0,24.0,32.0
14.0,47.0,56.0,24.0,32.0
14.0,48.0,53.0,24.0,31.0
15.0,1.0,161.0,150.0,113.0
15.0,2.0,174.0,149.0,122.0
15.0,3.0,193.0,165.0,144.0
15.0,4.0,201.0,168.0,147.0
15.0,5.0,152.0,130.0,112.0
15.0,6.0,93.0,85.0,83.0
15.0,7.0,89.0,90.0,95.0
15.0,8.0,101.0,103.0,103.0
15.0,9.0,82.0,77.0,71.0
15.0,10.0,110.0,94.0,81.0
15.0,11.0,147.0,122.0,101.0
15.0,12.0,151.0,126.0,105.0
15.0,13.0,123.0,102.0,83.0
15.0,14.0,101.0,82.0,69.0
15.0,15.0,76.0,62.0,52.0
15.0,16.0,40.0,33.0,27.0
15.0,17.0,41.0,33.0,28.0
15.0,18.0,64.0,51.0,44.0
15.0,19.0,80.0,67.0,58.0
15.0,20.0,77.0,62.0,53.0
15.0,21.0,71.0,55.0,46.0
15.0,22.0,99.0,80.0,68.0
15.0,23.0,111.0,92.0,79.0
15.0,24.0,120.0,100.0,87.0
15.0,25.0,132.0,108.0,92.0
15.0,26.0,136.0,101.0,84.0
15.0,27.0,151.0,104.0,87.0
15.0,28.0,186.0,129.0,112.0
15.0,29.0,209.0,156.0,139.0
15.0,30.0,183.0,128.0,112.0
15.0,31.0,130.0,110.0,105.0
15.0,32.0,105.0,102.0,110.0
15.0,33.0,35.0,39.0,53.0
15.0,34.0,31.0,35.0,48.0
15.0,35.0,30.0,33.0,47.0
15.0,36.0,28.0,30.0,43.0
15.0,37.0,23.0,24.0,35.0
15.0,38.0,20.0,21.0,30.0
15.0,39.0,23.0,15.0,23.0
15.0,40.0,26.0,13.0,19.0
15.0,41.0,20.0,10.0,15.0
15.0,42.0,21.0,11.0,15.0
15.0,43.0,24.0,11.0,15.0
15.0,44.0,26.0,12.0,16.0
15.0,45.0,30.0,14.0,19.0
15.0,46.0,38.0,17.0,24.0
15.0,47.0,42.0,17.0,24.0
15.0,48.0,43.0,18.0,24.0
16.0,1.0,177.0,157.0,123.0
16.0,2.0,159.0,129.0,108.0
16.0,3.0,174.0,136.0,120.0
16.0,4.0,163.0,123.0,107.0
16.0,5.0,164.0,121.0,105.0
16.0,6.0,144.0,116.0,105.0
16.0,7.0,119.0,110.0,109.0
16.0,8.0,96.0,100.0,105.0
16.0,9.0,128.0,116.0,106.0
16.0,10.0,169.0,143.0,119.0
16.0,11.0,143.0,119.0,100.0
16.0,12.0,116.0,97.0,81.0
16.0,13.0,95.0,78.0,66.0
16.0,14.0,75.0,62.0,55.0
16.0,15.0,56.0,47.0,42.0
16.0,16.0,43.0,35.0,32.0
16.0,17.0,56.0,46.0,42.0
16.0,18.0,74.0,62.0,55.0
16.0,19.0,87.0,73.0,65.0
16.0,20.0,94.0,79.0,70.0
16.0,21.0,128.0,102.0,91.0
16.0,22.0,181.0,146.0,129.0
16.0,23.0,197.0,162.0,144.0
16.0,24.0,198.0,163.0,145.0
16.0,25.0,196.0,160.0,140.0
16.0,26.0,199.0,158.0,137.0
16.0,27.0,197.0,154.0,134.0
16.0,28.0,207.0,162.0,142.0
16.0,29.0,212.0,166.0,144.0
16.0,30.0,206.0,159.0,138.0
16.0,31.0,190.0,152.0,133.0
16.0,32.0,146.0,119.0,106.0
16.0,33.0,74.0,59.0,58.0
16.0,34.0,29.0,24.0,28.0
16.0,35.0,32.0,26.0,28.0
16.0,36.0,53.0,44.0,42.0
16.0,37.0,61.0,55.0,54.0
16.0,38.0,67.0,63.0,60.0
16.0,39.0,68.0,64.0,61.0
16.0,40.0,56.0,54.0,51.0
16.0,41.0,42.0,40.0,39.0
16.0,42.0,25.0,25.0,27.0
16.0,43.0,14.0,16.0,19.0
16.0,44.0,11.0,14.0,17.0
16.0,45.0,9.0,13.0,16.0
16.0,46.0,13.0,13.0,16.0
16.0,47.0,21.0,15.0,16.0
16.0,48.0,28.0,17.0,18.0
17.0,1.0,168.0,154.0,120.0
17.0,2.0,133.0,109.0,86.0
17.0,3.0,132.0,96.0,76.0
17.0,4.0,127.0,90.0,74.0
17.0,5.0,135.0,92.0,76.0
17.0,6.0,122.0,84.0,68.0
17.0,7.0,113.0,86.0,75.0
17.0,8.0,99.0,87.0,80.0
17.0,9.0,143.0,119.0,101.0
17.0,10.0,130.0,108.0,90.0
17.0,11.0,79.0,67.0,57.0
17.0,12.0,89.0,77.0,69.0
17.0,13.0,94.0,81.0,73.0
17.0,14.0,95.0,83.0,74.0
17.0,15.0,71.0,61.0,55.0
17.0,16.0,58.0,47.0,44.0
17.0,17.0,101.0,82.0,76.0
17.0,18.0,133.0,110.0,101.0
17.0,19.0,146.0,122.0,112.0
17.0,20.0,155.0,127.0,116.0
17.0,21.0,184.0,147.0,134.0
17.0,22.0,204.0,162.0,145.0
17.0,23.0,212.0,170.0,152.0
17.0,24.0,214.0,173.0,151.0
17.0,25.0,217.0,173.0,149.0
17.0,26.0,221.0,174.0,151.0
17.0,27.0,220.0,172.0,150.0
17.0,28.0,221.0,173.0,149.0
17.0,29.0,221.0,173.0,146.0
17.0,30.0,220.0,173.0,148.0
17.0,31.0,218.0,171.0,147.0
17.0,32.0,215.0,169.0,147.0
17.0,33.0,201.0,159.0,139.0
17.0,34.0,159.0,126.0,111.0
17.0,35.0,144.0,112.0,96.0
17.0,36.0,138.0,107.0,90.0
17.0,37.0,117.0,90.0,80.0
17.0,38.0,92.0,71.0,63.0
17.0,39.0,63.0,52.0,49.0
17.0,40.0,61.0,55.0,51.0
17.0,41.0,67.0,64.0,62.0
17.0,42.0,61.0,59.0,61.0
17.0,43.0,44.0,46.0,48.0
17.0,44.0,27.0,31.0,35.0
17.0,45.0,18.0,23.0,26.0
17.0,46.0,16.0,19.0,22.0
17.0,47.0,17.0,20.0,20.0
17.0,48.0,23.0,23.0,22.0
18.0,1.0,171.0,167.0,127.0
18.0,2.0,162.0,149.0,114.0
18.0,3.0,144.0,123.0,91.0
18.0,4.0,127.0,105.0,83.0
18.0,5.0,105.0,80.0,65.0
18.0,6.0,96.0,72.0,59.0
18.0,7.0,96.0,79.0,71.0
18.0,8.0,116.0,102.0,90.0
18.0,9.0,127.0,104.0,87.0
18.0,10.0,86.0,71.0,60.0
18.0,11.0,63.0,53.0,47.0
18.0,12.0,69.0,59.0,54.0
18.0,13.0,70.0,61.0,55.0
18.0,14.0,64.0,55.0,49.0
18.0,15.0,54.0,45.0,42.0
18.0,16.0,51.0,39.0,36.0
18.0,17.0,130.0,98.0,88.0
18.0,18.0,178.0,142.0,130.0
18.0,19.0,188.0,152.0,140.0
18.0,20.0,196.0,158.0,146.0
18.0,21.0,202.0,162.0,148.0
18.0,22.0,205.0,163.0,148.0
18.0,23.0,192.0,152.0,136.0
18.0,24.0,178.0,139.0,119.0
18.0,25.0,187.0,139.0,117.0
18.0,26.0,197.0,148.0,127.0
18.0,27.0,210.0,163.0,144.0
18.0,28.0,224.0,178.0,160.0
18.0,29.0,219.0,172.0,150.0
18.0,30.0,210.0,162.0,139.0
18.0,31.0,204.0,157.0,134.0
18.0,32.0,197.0,152.0,130.0
18.0,33.0,197.0,150.0,130.0
18.0,34.0,199.0,154.0,134.0
18.0,35.0,194.0,154.0,133.0
18.0,36.0,200.0,157.0,136.0
18.0,37.0,213.0,168.0,146.0
18.0,38.0,206.0,160.0,141.0
18.0,39.0,176.0,135.0,120.0
18.0,40.0,102.0,78.0,69.0
18.0,41.0,46.0,37.0,35.0
18.0,42.0,49.0,48.0,49.0
18.0,43.0,62.0,64.0,67.0
18.0,44.0,56.0,59.0,61.0
18.0,45.0,47.0,48.0,50.0
18.0,46.0,41.0,42.0,43.0
18.0,47.0,32.0,35.0,36.0
18.0,48.0,28.0,31.0,33.0
19.0,1.0,160.0,167.0,117.0
19.0,2.0,151.0,161.0,109.0
19.0,3.0,156.0,162.0,106.0
19.0,4.0,143.0,145.0,111.0
19.0,5.0,97.0,93.0,77.0
19.0,6.0,106.0,91.0,76.0
19.0,7.0,129.0,113.0,98.0
19.0,8.0,133.0,117.0,102.0
19.0,9.0,104.0,87.0,73.0
19.0,10.0,90.0,75.0,64.0
19.0,11.0,68.0,57.0,50.0
19.0,12.0,42.0,37.0,33.0
19.0,13.0,41.0,35.0,33.0
19.0,14.0,43.0,37.0,34.0
19.0,15.0,48.0,40.0,37.0
19.0,16.0,66.0,47.0,43.0
19.0,17.0,153.0,115.0,104.0
19.0,18.0,186.0,147.0,136.0
19.0,19.0,185.0,143.0,132.0
19.0,20.0,184.0,143.0,129.0
19.0,21.0,191.0,152.0,138.0
19.0,22.0,186.0,149.0,137.0
19.0,23.0,149.0,119.0,105.0
19.0,24.0,148.0,110.0,93.0
19.0,25.0,157.0,112.0,93.0
19.0,26.0,175.0,128.0,110.0
19.0,27.0,199.0,152.0,138.0
19.0,28.0,206.0,159.0,149.0
19.0,29.0,201.0,153.0,140.0
19.0,30.0,191.0,142.0,125.0
19.0,31.0,186.0,138.0,118.0
19.0,32.0,179.0,132.0,112.0
19.0,33.0,176.0,130.0,110.0
19.0,34.0,185.0,139.0,120.0
19.0,35.0,186.0,143.0,124.0
19.0,36.0,177.0,138.0,118.0
19.0,37.0,184.0,145.0,126.0
19.0,38.0,200.0,156.0,136.0
19.0,39.0,203.0,157.0,136.0
19.0,40.0,191.0,149.0,130.0
19.0,41.0,129.0,100.0,87.0
19.0,42.0,56.0,41.0,36.0
19.0,43.0,43.0,38.0,39.0
19.0,44.0,55.0,57.0,60.0
19.0,45.0,72.0,70.0,66.0
19.0,46.0,72.0,67.0,62.0
19.0,47.0,49.0,51.0,54.0
19.0,48.0,43.0,47.0,52.0
20.0,1.0,102.0,124.0,74.0
20.0,2.0,113.0,135.0,75.0
20.0,3.0,139.0,158.0,88.0
20.0,4.0,146.0,157.0,113.0
20.0,5.0,129.0,133.0,103.0
20.0,6.0,128.0,114.0,92.0
20.0,7.0,125.0,106.0,87.0
20.0,8.0,103.0,87.0,73.0
20.0,9.0,113.0,97.0,83.0
20.0,10.0,105.0,93.0,84.0
20.0,11.0,50.0,43.0,39.0
20.0,12.0,25.0,24.0,23.0
20.0,13.0,31.0,27.0,27.0
20.0,14.0,47.0,40.0,37.0
20.0,15.0,54.0,42.0,39.0
20.0,16.0,106.0,78.0,69.0
20.0,17.0,173.0,134.0,123.0
20.0,18.0,186.0,150.0,138.0
20.0,19.0,184.0,143.0,131.0
20.0,20.0,178.0,136.0,121.0
20.0,21.0,175.0,134.0,118.0
20.0,22.0,145.0,114.0,101.0
20.0,23.0,104.0,80.0,67.0
20.0,24.0,113.0,79.0,66.0
20.0,25.0,140.0,99.0,85.0
20.0,26.0,142.0,97.0,82.0
20.0,27.0,163.0,114.0,102.0
20.0,28.0,172.0,122.0,113.0
20.0,29.0,170.0,121.0,110.0
20.0,30.0,158.0,108.0,94.0
20.0,31.0,140.0,93.0,76.0
20.0,32.0,133.0,89.0,70.0
20.0,33.0,146.0,105.0,84.0
20.0,34.0,160.0,117.0,98.0
20.0,35.0,173.0,131.0,112.0
20.0,36.0,175.0,135.0,115.0
20.0,37.0,162.0,127.0,108.0
20.0,38.0,168.0,136.0,117.0
20.0,39.0,183.0,146.0,127.0
20.0,40.0,189.0,147.0,127.0
20.0,41.0,181.0,142.0,123.0
20.0,42.0,125.0,99.0,87.0
20.0,43.0,63.0,47.0,40.0
20.0,44.0,50.0,42.0,40.0
20.0,45.0,69.0,65.0,62.0
20.0,46.0,64.0,68.0,69.0
20.0,47.0,63.0,65.0,66.0
20.0,48.0,56.0,58.0,61.0
21.0,1.0,99.0,119.0,66.0
21.0,2.0,115.0,134.0,70.0
21.0,3.0,129.0,146.0,80.0
21.0,4.0,137.0,145.0,108.0
21.0,5.0,132.0,138.0,105.0
21.0,6.0,145.0,140.0,107.0
21.0,7.0,113.0,93.0,74.0
21.0,8.0,89.0,72.0,57.0
21.0,9.0,100.0,84.0,71.0
21.0,10.0,84.0,75.0,67.0
21.0,11.0,37.0,34.0,30.0
21.0,12.0,16.0,16.0,17.0
21.0,13.0,27.0,25.0,26.0
21.0,14.0,47.0,39.0,37.0
21.0,15.0,68.0,50.0,45.0
21.0,16.0,128.0,92.0,82.0
21.0,17.0,167.0,125.0,114.0
21.0,18.0,175.0,134.0,122.0
21.0,19.0,176.0,134.0,121.0
21.0,20.0,179.0,135.0,120.0
21.0,21.0,168.0,126.0,110.0
21.0,22.0,125.0,96.0,83.0
21.0,23.0,81.0,60.0,50.0
21.0,24.0,78.0,55.0,47.0
21.0,25.0,104.0,74.0,66.0
21.0,26.0,125.0,85.0,72.0
21.0,27.0,136.0,91.0,80.0
21.0,28.0,147.0,100.0,90.0
21.0,29.0,141.0,92.0,80.0
21.0,30.0,118.0,72.0,59.0
21.0,31.0,98.0,62.0,46.0
21.0,32.0,102.0,69.0,51.0
21.0,33.0,124.0,86.0,67.0
21.0,34.0,145.0,103.0,85.0
21.0,35.0,165.0,124.0,105.0
21.0,36.0,175.0,135.0,115.0
21.0,37.0,175.0,138.0,118.0
21.0,38.0,156.0,123.0,106.0
21.0,39.0,167.0,134.0,115.0
21.0,40.0,182.0,143.0,124.0
21.0,41.0,184.0,145.0,126.0
21.0,42.0,167.0,134.0,118.0
21.0,43.0,112.0,88.0,74.0
21.0,44.0,68.0,50.0,43.0
21.0,45.0,51.0,42.0,41.0
21.0,46.0,54.0,56.0,59.0
21.0,47.0,60.0,63.0,67.0
21.0,48.0,55.0,58.0,60.0
22.0,1.0,119.0,135.0,77.0
22.0,2.0,133.0,143.0,84.0
22.0,3.0,168.0,163.0,112.0
22.0,4.0,174.0,162.0,128.0
22.0,5.0,150.0,150.0,113.0
22.0,6.0,168.0,165.0,126.0
22.0,7.0,127.0,108.0,88.0
22.0,8.0,100.0,82.0,64.0
22.0,9.0,116.0,97.0,79.0
22.0,10.0,91.0,79.0,69.0
22.0,11.0,33.0,30.0,27.0
22.0,12.0,18.0,18.0,19.0
22.0,13.0,28.0,25.0,26.0
22.0,14.0,57.0,46.0,43.0
22.0,15.0,98.0,74.0,66.0
22.0,16.0,132.0,96.0,84.0
22.0,17.0,153.0,110.0,99.0
22.0,18.0,159.0,114.0,102.0
22.0,19.0,163.0,118.0,104.0
22.0,20.0,169.0,123.0,108.0
22.0,21.0,164.0,121.0,107.0
22.0,22.0,115.0,86.0,75.0
22.0,23.0,70.0,48.0,39.0
22.0,24.0,65.0,45.0,37.0
22.0,25.0,82.0,56.0,50.0
22.0,26.0,109.0,73.0,62.0
22.0,27.0,122.0,80.0,71.0
22.0,28.0,130.0,85.0,75.0
22.0,29.0,118.0,70.0,58.0
22.0,30.0,106.0,65.0,53.0
22.0,31.0,118.0,82.0,69.0
22.0,32.0,109.0,72.0,60.0
22.0,33.0,138.0,96.0,84.0
22.0,34.0,165.0,120.0,104.0
22.0,35.0,172.0,128.0,111.0
22.0,36.0,174.0,134.0,114.0
22.0,37.0,173.0,135.0,115.0
22.0,38.0,159.0,125.0,107.0
22.0,39.0,152.0,123.0,105.0
22.0,40.0,171.0,137.0,120.0
22.0,41.0,189.0,153.0,134.0
22.0,42.0,180.0,146.0,128.0
22.0,43.0,148.0,119.0,104.0
22.0,44.0,99.0,76.0,64.0
22.0,45.0,72.0,54.0,47.0
22.0,46.0,52.0,45.0,42.0
22.0,47.0,40.0,40.0,40.0
22.0,48.0,25.0,26.0,27.0
23.0,1.0,150.0,158.0,100.0
23.0,2.0,191.0,183.0,136.0
23.0,3.0,182.0,158.0,129.0
23.0,4.0,181.0,144.0,122.0
23.0,5.0,177.0,145.0,123.0
23.0,6.0,195.0,171.0,147.0
23.0,7.0,150.0,131.0,112.0
23.0,8.0,113.0,92.0,70.0
23.0,9.0,119.0,98.0,77.0
23.0,10.0,69.0,59.0,50.0
23.0,11.0,36.0,33.0,32.0
23.0,12.0,32.0,31.0,31.0
23.0,13.0,28.0,24.0,24.0
23.0,14.0,68.0,54.0,48.0
23.0,15.0,103.0,78.0,66.0
23.0,16.0,128.0,95.0,81.0
23.0,17.0,139.0,100.0,87.0
23.0,18.0,143.0,100.0,87.0
23.0,19.0,147.0,101.0,88.0
23.0,20.0,153.0,107.0,93.0
23.0,21.0,151.0,107.0,95.0
23.0,22.0,109.0,80.0,70.0
23.0,23.0,74.0,48.0,39.0
23.0,24.0,77.0,51.0,41.0
23.0,25.0,84.0,55.0,47.0
23.0,26.0,111.0,75.0,65.0
23.0,27.0,137.0,94.0,86.0
23.0,28.0,133.0,85.0,75.0
23.0,29.0,121.0,73.0,62.0
23.0,30.0,125.0,85.0,75.0
23.0,31.0,144.0,105.0,93.0
23.0,32.0,105.0,71.0,60.0
23.0,33.0,107.0,69.0,64.0
23.0,34.0,174.0,124.0,113.0
23.0,35.0,178.0,129.0,114.0
23.0,36.0,175.0,129.0,115.0
23.0,37.0,168.0,129.0,114.0
23.0,38.0,155.0,121.0,105.0
23.0,39.0,138.0,109.0,93.0
23.0,40.0,152.0,123.0,106.0
23.0,41.0,177.0,144.0,125.0
23.0,42.0,187.0,151.0,132.0
23.0,43.0,166.0,133.0,119.0
23.0,44.0,123.0,96.0,82.0
23.0,45.0,93.0,70.0,57.0
23.0,46.0,76.0,59.0,48.0
23.0,47.0,47.0,39.0,36.0
23.0,48.0,38.0,38.0,40.0
24.0,1.0,159.0,158.0,111.0
24.0,2.0,185.0,167.0,133.0
24.0,3.0,108.0,93.0,76.0
24.0,4.0,102.0,75.0,59.0
24.0,5.0,134.0,94.0,79.0
24.0,6.0,160.0,119.0,104.0
24.0,7.0,145.0,121.0,100.0
24.0,8.0,110.0,89.0,70.0
24.0,9.0,105.0,85.0,67.0
24.0,10.0,74.0,63.0,53.0
24.0,11.0,58.0,55.0,50.0
24.0,12.0,37.0,36.0,35.0
24.0,13.0,24.0,21.0,19.0
24.0,14.0,60.0,48.0,41.0
24.0,15.0,105.0,80.0,67.0
24.0,16.0,122.0,92.0,76.0
24.0,17.0,130.0,96.0,82.0
24.0,18.0,134.0,96.0,82.0
24.0,19.0,133.0,93.0,78.0
24.0,20.0,138.0,96.0,83.0
24.0,21.0,141.0,100.0,88.0
24.0,22.0,114.0,82.0,71.0
24.0,23.0,94.0,63.0,51.0
24.0,24.0,99.0,65.0,54.0
24.0,25.0,106.0,73.0,63.0
24.0,26.0,144.0,102.0,92.0
24.0,27.0,170.0,121.0,114.0
24.0,28.0,165.0,114.0,107.0
24.0,29.0,164.0,111.0,104.0
24.0,30.0,136.0,94.0,87.0
24.0,31.0,146.0,105.0,95.0
24.0,32.0,151.0,115.0,95.0
24.0,33.0,115.0,86.0,74.0
24.0,34.0,158.0,103.0,100.0
24.0,35.0,180.0,129.0,118.0
24.0,36.0,165.0,117.0,107.0
24.0,37.0,160.0,117.0,108.0
24.0,38.0,147.0,113.0,99.0
24.0,39.0,125.0,96.0,81.0
24.0,40.0,134.0,106.0,90.0
24.0,41.0,154.0,124.0,106.0
24.0,42.0,176.0,138.0,120.0
24.0,43.0,172.0,134.0,120.0
24.0,44.0,139.0,108.0,96.0
24.0,45.0,102.0,76.0,61.0
24.0,46.0,94.0,72.0,57.0
24.0,47.0,85.0,66.0,55.0
24.0,48.0,68.0,57.0,51.0
25.0,1.0,130.0,122.0,97.0
25.0,2.0,164.0,146.0,117.0
25.0,3.0,90.0,75.0,57.0
25.0,4.0,71.0,53.0,35.0
25.0,5.0,89.0,61.0,43.0
25.0,6.0,127.0,91.0,69.0
25.0,7.0,141.0,114.0,92.0
25.0,8.0,99.0,80.0,65.0
25.0,9.0,86.0,70.0,58.0
25.0,10.0,77.0,66.0,55.0
25.0,11.0,52.0,46.0,38.0
25.0,12.0,38.0,34.0,30.0
25.0,13.0,29.0,25.0,21.0
25.0,14.0,54.0,43.0,36.0
25.0,15.0,106.0,81.0,68.0
25.0,16.0,120.0,92.0,76.0
25.0,17.0,123.0,93.0,77.0
25.0,18.0,124.0,91.0,76.0
25.0,19.0,125.0,91.0,76.0
25.0,20.0,128.0,91.0,78.0
25.0,21.0,130.0,94.0,80.0
25.0,22.0,121.0,86.0,72.0
25.0,23.0,119.0,82.0,68.0
25.0,24.0,143.0,100.0,87.0
25.0,25.0,157.0,112.0,100.0
25.0,26.0,179.0,129.0,117.0
25.0,27.0,192.0,142.0,133.0
25.0,28.0,193.0,140.0,134.0
25.0,29.0,197.0,145.0,140.0
25.0,30.0,152.0,105.0,99.0
25.0,31.0,139.0,95.0,85.0
25.0,32.0,161.0,121.0,102.0
25.0,33.0,131.0,105.0,91.0
25.0,34.0,130.0,77.0,74.0
25.0,35.0,158.0,104.0,97.0
25.0,36.0,151.0,105.0,96.0
25.0,37.0,149.0,105.0,96.0
25.0,38.0,139.0,100.0,91.0
25.0,39.0,120.0,89.0,76.0
25.0,40.0,115.0,89.0,73.0
25.0,41.0,138.0,106.0,88.0
25.0,42.0,156.0,116.0,99.0
25.0,43.0,160.0,119.0,102.0
25.0,44.0,138.0,104.0,89.0
25.0,45.0,107.0,79.0,63.0
25.0,46.0,98.0,74.0,58.0
25.0,47.0,96.0,73.0,57.0
25.0,48.0,96.0,72.0,59.0
26.0,1.0,131.0,129.0,93.0
26.0,2.0,153.0,145.0,108.0
26.0,3.0,131.0,115.0,84.0
26.0,4.0,109.0,87.0,60.0
26.0,5.0,98.0,72.0,49.0
26.0,6.0,107.0,78.0,55.0
26.0,7.0,125.0,102.0,80.0
26.0,8.0,94.0,77.0,63.0
26.0,9.0,94.0,78.0,65.0
26.0,10.0,57.0,48.0,39.0
26.0,11.0,37.0,33.0,27.0
26.0,12.0,31.0,28.0,24.0
26.0,13.0,36.0,31.0,25.0
26.0,14.0,68.0,54.0,44.0
26.0,15.0,105.0,83.0,68.0
26.0,16.0,115.0,88.0,71.0
26.0,17.0,116.0,88.0,72.0
26.0,18.0,115.0,86.0,70.0
26.0,19.0,117.0,86.0,71.0
26.0,20.0,122.0,89.0,74.0
26.0,21.0,124.0,90.0,75.0
26.0,22.0,123.0,89.0,75.0
26.0,23.0,126.0,87.0,74.0
26.0,24.0,143.0,100.0,87.0
26.0,25.0,152.0,104.0,92.0
26.0,26.0,167.0,118.0,105.0
26.0,27.0,180.0,128.0,119.0
26.0,28.0,173.0,120.0,111.0
26.0,29.0,176.0,126.0,118.0
26.0,30.0,155.0,104.0,94.0
26.0,31.0,122.0,76.0,66.0
26.0,32.0,143.0,98.0,83.0
26.0,33.0,149.0,124.0,108.0
26.0,34.0,124.0,77.0,72.0
26.0,35.0,132.0,80.0,73.0
26.0,36.0,120.0,80.0,73.0
26.0,37.0,126.0,86.0,79.0
26.0,38.0,122.0,83.0,75.0
26.0,39.0,110.0,79.0,67.0
26.0,40.0,101.0,77.0,61.0
26.0,41.0,127.0,94.0,75.0
26.0,42.0,142.0,103.0,85.0
26.0,43.0,141.0,102.0,84.0
26.0,44.0,121.0,87.0,71.0
26.0,45.0,106.0,78.0,62.0
26.0,46.0,100.0,74.0,59.0
26.0,47.0,97.0,74.0,59.0
26.0,48.0,101.0,78.0,65.0
27.0,1.0,128.0,142.0,90.0
27.0,2.0,123.0,140.0,88.0
27.0,3.0,132.0,139.0,90.0
27.0,4.0,151.0,135.0,102.0
27.0,5.0,121.0,104.0,80.0
27.0,6.0,94.0,82.0,64.0
27.0,7.0,116.0,98.0,78.0
27.0,8.0,102.0,84.0,67.0
27.0,9.0,83.0,69.0,56.0
27.0,10.0,51.0,43.0,36.0
27.0,11.0,26.0,24.0,20.0
27.0,12.0,20.0,18.0,18.0
27.0,13.0,30.0,25.0,22.0
27.0,14.0,77.0,61.0,50.0
27.0,15.0,104.0,82.0,66.0
27.0,16.0,110.0,86.0,68.0
27.0,17.0,112.0,86.0,69.0
27.0,18.0,113.0,85.0,69.0
27.0,19.0,114.0,83.0,68.0
27.0,20.0,117.0,84.0,69.0
27.0,21.0,117.0,84.0,70.0
27.0,22.0,111.0,79.0,64.0
27.0,23.0,104.0,70.0,57.0
27.0,24.0,98.0,64.0,51.0
27.0,25.0,104.0,68.0,55.0
27.0,26.0,116.0,75.0,61.0
27.0,27.0,130.0,85.0,70.0
27.0,28.0,130.0,85.0,73.0
27.0,29.0,133.0,87.0,78.0
27.0,30.0,127.0,79.0,69.0
27.0,31.0,110.0,66.0,58.0
27.0,32.0,125.0,80.0,65.0
27.0,33.0,122.0,92.0,78.0
27.0,34.0,121.0,71.0,67.0
27.0,35.0,120.0,73.0,66.0
27.0,36.0,108.0,71.0,63.0
27.0,37.0,117.0,79.0,72.0
27.0,38.0,109.0,74.0,64.0
27.0,39.0,98.0,68.0,56.0
27.0,40.0,94.0,69.0,54.0
27.0,41.0,124.0,90.0,71.0
27.0,42.0,133.0,96.0,78.0
27.0,43.0,124.0,89.0,71.0
27.0,44.0,111.0,80.0,64.0
27.0,45.0,104.0,77.0,60.0
27.0,46.0,97.0,72.0,57.0
27.0,47.0,98.0,74.0,61.0
27.0,48.0,98.0,75.0,63.0
28.0,1.0,101.0,118.0,70.0
28.0,2.0,112.0,130.0,79.0
28.0,3.0,112.0,129.0,82.0
28.0,4.0,159.0,161.0,127.0
28.0,5.0,153.0,151.0,123.0
28.0,6.0,106.0,106.0,96.0
28.0,7.0,112.0,104.0,94.0
28.0,8.0,107.0,91.0,74.0
28.0,9.0,91.0,76.0,62.0
28.0,10.0,64.0,55.0,46.0
28.0,11.0,30.0,27.0,22.0
28.0,12.0,21.0,20.0,18.0
28.0,13.0,27.0,24.0,21.0
28.0,14.0,75.0,61.0,49.0
28.0,15.0,107.0,87.0,69.0
28.0,16.0,111.0,88.0,69.0
28.0,17.0,109.0,83.0,66.0
28.0,18.0,107.0,80.0,64.0
28.0,19.0,109.0,79.0,64.0
28.0,20.0,112.0,79.0,64.0
28.0,21.0,109.0,78.0,63.0
28.0,22.0,85.0,59.0,47.0
28.0,23.0,80.0,50.0,39.0
28.0,24.0,73.0,45.0,35.0
28.0,25.0,81.0,52.0,41.0
28.0,26.0,95.0,63.0,49.0
28.0,27.0,119.0,85.0,68.0
28.0,28.0,129.0,92.0,75.0
28.0,29.0,121.0,79.0,67.0
28.0,30.0,101.0,62.0,52.0
28.0,31.0,100.0,60.0,50.0
28.0,32.0,114.0,75.0,59.0
28.0,33.0,88.0,56.0,47.0
28.0,34.0,111.0,63.0,57.0
28.0,35.0,119.0,75.0,64.0
28.0,36.0,114.0,75.0,64.0
28.0,37.0,112.0,74.0,66.0
28.0,38.0,102.0,68.0,58.0
28.0,39.0,87.0,60.0,48.0
28.0,40.0,99.0,73.0,58.0
28.0,41.0,128.0,93.0,74.0
28.0,42.0,127.0,92.0,73.0
28.0,43.0,116.0,82.0,66.0
28.0,44.0,108.0,78.0,63.0
28.0,45.0,99.0,73.0,58.0
28.0,46.0,92.0,69.0,57.0
28.0,47.0,90.0,69.0,60.0
28.0,48.0,89.0,71.0,62.0
29.0,1.0,102.0,111.0,71.0
29.0,2.0,104.0,110.0,71.0
29.0,3.0,104.0,110.0,76.0
29.0,4.0,146.0,151.0,126.0
29.0,5.0,154.0,159.0,134.0
29.0,6.0,151.0,152.0,139.0
29.0,7.0,119.0,116.0,107.0
29.0,8.0,108.0,96.0,81.0
29.0,9.0,72.0,61.0,46.0
29.0,10.0,56.0,48.0,36.0
29.0,11.0,33.0,29.0,23.0
29.0,12.0,25.0,23.0,20.0
29.0,13.0,23.0,20.0,17.0
29.0,14.0,62.0,49.0,40.0
29.0,15.0,113.0,94.0,74.0
29.0,16.0,122.0,100.0,77.0
29.0,17.0,115.0,89.0,68.0
29.0,18.0,109.0,81.0,62.0
29.0,19.0,110.0,80.0,61.0
29.0,20.0,111.0,80.0,63.0
29.0,21.0,107.0,78.0,63.0
29.0,22.0,69.0,47.0,38.0
29.0,23.0,69.0,44.0,35.0
29.0,24.0,53.0,33.0,26.0
29.0,25.0,73.0,47.0,38.0
29.0,26.0,91.0,60.0,50.0
29.0,27.0,102.0,69.0,56.0
29.0,28.0,111.0,73.0,59.0
29.0,29.0,110.0,69.0,57.0
29.0,30.0,86.0,53.0,42.0
29.0,31.0,96.0,60.0,48.0
29.0,32.0,74.0,50.0,37.0
29.0,33.0,84.0,47.0,40.0
29.0,34.0,116.0,71.0,59.0
29.0,35.0,120.0,78.0,61.0
29.0,36.0,115.0,77.0,61.0
29.0,37.0,105.0,71.0,58.0
29.0,38.0,92.0,63.0,51.0
29.0,39.0,89.0,63.0,49.0
29.0,40.0,120.0,88.0,70.0
29.0,41.0,129.0,93.0,74.0
29.0,42.0,122.0,86.0,68.0
29.0,43.0,109.0,78.0,62.0
29.0,44.0,89.0,65.0,54.0
29.0,45.0,77.0,57.0,49.0
29.0,46.0,80.0,62.0,54.0
29.0,47.0,79.0,63.0,56.0
29.0,48.0,69.0,57.0,50.0
30.0,1.0,112.0,121.0,76.0
30.0,2.0,115.0,120.0,79.0
30.0,3.0,109.0,113.0,80.0
30.0,4.0,146.0,149.0,123.0
30.0,5.0,151.0,156.0,127.0
30.0,6.0,160.0,165.0,138.0
30.0,7.0,149.0,147.0,132.0
30.0,8.0,126.0,116.0,99.0
30.0,9.0,83.0,69.0,54.0
30.0,10.0,63.0,53.0,40.0
30.0,11.0,41.0,34.0,27.0
30.0,12.0,31.0,27.0,22.0
30.0,13.0,27.0,22.0,18.0
30.0,14.0,43.0,34.0,27.0
30.0,15.0,107.0,89.0,70.0
30.0,16.0,138.0,114.0,89.0
30.0,17.0,132.0,106.0,82.0
30.0,18.0,119.0,93.0,69.0
30.0,19.0,119.0,92.0,69.0
30.0,20.0,121.0,94.0,72.0
30.0,21.0,106.0,81.0,63.0
30.0,22.0,56.0,40.0,32.0
30.0,23.0,66.0,46.0,36.0
30.0,24.0,46.0,33.0,27.0
30.0,25.0,77.0,50.0,41.0
30.0,26.0,88.0,58.0,47.0
30.0,27.0,101.0,69.0,57.0
30.0,28.0,104.0,65.0,54.0
30.0,29.0,98.0,58.0,46.0
30.0,30.0,90.0,58.0,46.0
30.0,31.0,91.0,56.0,46.0
30.0,32.0,68.0,39.0,33.0
30.0,33.0,105.0,67.0,53.0
30.0,34.0,117.0,76.0,59.0
30.0,35.0,118.0,79.0,60.0
30.0,36.0,113.0,79.0,60.0
30.0,37.0,105.0,74.0,57.0
30.0,38.0,103.0,71.0,54.0
30.0,39.0,123.0,88.0,68.0
30.0,40.0,131.0,92.0,71.0
30.0,41.0,122.0,84.0,67.0
30.0,42.0,98.0,68.0,56.0
30.0,43.0,70.0,50.0,43.0
30.0,44.0,56.0,43.0,39.0
30.0,45.0,61.0,49.0,45.0
30.0,46.0,66.0,56.0,54.0
30.0,47.0,61.0,58.0,58.0
30.0,48.0,62.0,60.0,60.0
31.0,1.0,111.0,116.0,80.0
31.0,2.0,113.0,117.0,77.0
31.0,3.0,134.0,142.0,92.0
31.0,4.0,154.0,165.0,123.0
31.0,5.0,148.0,158.0,120.0
31.0,6.0,139.0,145.0,116.0
31.0,7.0,134.0,134.0,119.0
31.0,8.0,139.0,135.0,117.0
31.0,9.0,117.0,106.0,90.0
31.0,10.0,88.0,75.0,60.0
31.0,11.0,60.0,49.0,36.0
31.0,12.0,41.0,33.0,26.0
31.0,13.0,31.0,26.0,21.0
31.0,14.0,24.0,20.0,17.0
31.0,15.0,51.0,41.0,32.0
31.0,16.0,109.0,88.0,69.0
31.0,17.0,136.0,111.0,88.0
31.0,18.0,128.0,102.0,77.0
31.0,19.0,123.0,96.0,71.0
31.0,20.0,126.0,99.0,74.0
31.0,21.0,109.0,87.0,67.0
31.0,22.0,54.0,40.0,31.0
31.0,23.0,76.0,53.0,41.0
31.0,24.0,59.0,39.0,32.0
31.0,25.0,87.0,57.0,47.0
31.0,26.0,96.0,65.0,53.0
31.0,27.0,106.0,74.0,62.0
31.0,28.0,109.0,71.0,60.0
31.0,29.0,102.0,60.0,48.0
31.0,30.0,89.0,54.0,42.0
31.0,31.0,88.0,57.0,43.0
31.0,32.0,100.0,65.0,50.0
31.0,33.0,113.0,76.0,58.0
31.0,34.0,116.0,79.0,60.0
31.0,35.0,117.0,83.0,63.0
31.0,36.0,112.0,80.0,62.0
31.0,37.0,110.0,78.0,60.0
31.0,38.0,113.0,79.0,62.0
31.0,39.0,102.0,71.0,57.0
31.0,40.0,82.0,58.0,46.0
31.0,41.0,60.0,42.0,36.0
31.0,42.0,40.0,30.0,27.0
31.0,43.0,40.0,33.0,30.0
31.0,44.0,58.0,54.0,55.0
31.0,45.0,80.0,82.0,89.0
31.0,46.0,92.0,97.0,106.0
31.0,47.0,90.0,95.0,106.0
31.0,48.0,78.0,82.0,91.0
32.0,1.0,112.0,113.0,87.0
32.0,2.0,131.0,136.0,92.0
32.0,3.0,165.0,179.0,116.0
32.0,4.0,168.0,183.0,135.0
32.0,5.0,141.0,154.0,112.0
32.0,6.0,121.0,126.0,103.0
32.0,7.0,113.0,115.0,99.0
32.0,8.0,118.0,117.0,98.0
32.0,9.0,134.0,126.0,109.0
32.0,10.0,139.0,122.0,104.0
32.0,11.0,103.0,88.0,71.0
32.0,12.0,76.0,63.0,50.0
32.0,13.0,50.0,42.0,33.0
32.0,14.0,34.0,31.0,25.0
32.0,15.0,23.0,20.0,16.0
32.0,16.0,47.0,37.0,29.0
32.0,17.0,93.0,76.0,60.0
32.0,18.0,116.0,94.0,73.0
32.0,19.0,120.0,94.0,72.0
32.0,20.0,124.0,98.0,73.0
32.0,21.0,120.0,96.0,74.0
32.0,22.0,79.0,61.0,46.0
32.0,23.0,83.0,59.0,45.0
32.0,24.0,84.0,55.0,41.0
32.0,25.0,104.0,71.0,55.0
32.0,26.0,123.0,89.0,71.0
32.0,27.0,124.0,89.0,72.0
32.0,28.0,116.0,77.0,63.0
32.0,29.0,118.0,73.0,59.0
32.0,30.0,112.0,70.0,55.0
32.0,31.0,108.0,70.0,53.0
32.0,32.0,116.0,77.0,59.0
32.0,33.0,121.0,83.0,63.0
32.0,34.0,122.0,86.0,66.0
32.0,35.0,101.0,74.0,57.0
32.0,36.0,58.0,43.0,34.0
32.0,37.0,39.0,30.0,26.0
32.0,38.0,34.0,27.0,24.0
32.0,39.0,25.0,22.0,22.0
32.0,40.0,23.0,20.0,21.0
32.0,41.0,27.0,24.0,26.0
32.0,42.0,36.0,31.0,32.0
32.0,43.0,48.0,46.0,47.0
32.0,44.0,66.0,68.0,74.0
32.0,45.0,69.0,74.0,82.0
32.0,46.0,57.0,62.0,69.0
32.0,47.0,36.0,37.0,43.0
32.0,48.0,21.0,24.0,29.0
33.0,1.0,131.0,135.0,94.0
33.0,2.0,152.0,162.0,111.0
33.0,3.0,156.0,172.0,114.0
33.0,4.0,161.0,176.0,134.0
33.0,5.0,134.0,140.0,110.0
33.0,6.0,117.0,117.0,102.0
33.0,7.0,112.0,111.0,98.0
33.0,8.0,111.0,105.0,90.0
33.0,9.0,125.0,112.0,95.0
33.0,10.0,139.0,120.0,100.0
33.0,11.0,140.0,130.0,117.0
33.0,12.0,126.0,115.0,105.0
33.0,13.0,87.0,75.0,64.0
33.0,14.0,67.0,59.0,49.0
33.0,15.0,50.0,44.0,37.0
33.0,16.0,34.0,28.0,22.0
33.0,17.0,45.0,36.0,27.0
33.0,18.0,56.0,44.0,32.0
33.0,19.0,63.0,48.0,35.0
33.0,20.0,70.0,53.0,39.0
33.0,21.0,82.0,62.0,47.0
33.0,22.0,87.0,68.0,53.0
33.0,23.0,89.0,69.0,53.0
33.0,24.0,105.0,79.0,59.0
33.0,25.0,117.0,85.0,65.0
33.0,26.0,124.0,91.0,70.0
33.0,27.0,141.0,105.0,82.0
33.0,28.0,134.0,93.0,73.0
33.0,29.0,132.0,87.0,69.0
33.0,30.0,131.0,89.0,71.0
33.0,31.0,124.0,85.0,66.0
33.0,32.0,112.0,78.0,62.0
33.0,33.0,93.0,67.0,56.0
33.0,34.0,58.0,43.0,40.0
33.0,35.0,21.0,18.0,19.0
33.0,36.0,17.0,18.0,19.0
33.0,37.0,22.0,20.0,21.0
33.0,38.0,23.0,22.0,23.0
33.0,39.0,22.0,22.0,24.0
33.0,40.0,20.0,21.0,23.0
33.0,41.0,21.0,22.0,25.0
33.0,42.0,23.0,24.0,25.0
33.0,43.0,25.0,27.0,29.0
33.0,44.0,25.0,28.0,33.0
33.0,45.0,22.0,26.0,31.0
33.0,46.0,25.0,27.0,31.0
33.0,47.0,17.0,20.0,25.0
33.0,48.0,16.0,21.0,27.0
34.0,1.0,133.0,141.0,91.0
34.0,2.0,134.0,144.0,88.0
34.0,3.0,134.0,148.0,92.0
34.0,4.0,151.0,161.0,124.0
34.0,5.0,144.0,144.0,119.0
34.0,6.0,133.0,129.0,114.0
34.0,7.0,120.0,117.0,101.0
34.0,8.0,123.0,116.0,99.0
34.0,9.0,134.0,117.0,100.0
34.0,10.0,146.0,128.0,111.0
34.0,11.0,164.0,163.0,157.0
34.0,12.0,161.0,158.0,151.0
34.0,13.0,154.0,146.0,133.0
34.0,14.0,124.0,116.0,103.0
34.0,15.0,113.0,105.0,94.0
34.0,16.0,84.0,75.0,65.0
34.0,17.0,73.0,63.0,49.0
34.0,18.0,53.0,44.0,31.0
34.0,19.0,50.0,41.0,30.0
34.0,20.0,47.0,37.0,28.0
34.0,21.0,42.0,30.0,24.0
34.0,22.0,57.0,45.0,38.0
34.0,23.0,78.0,62.0,52.0
34.0,24.0,102.0,74.0,59.0
34.0,25.0,112.0,80.0,64.0
34.0,26.0,125.0,93.0,75.0
34.0,27.0,149.0,111.0,91.0
34.0,28.0,167.0,133.0,109.0
34.0,29.0,159.0,124.0,100.0
34.0,30.0,178.0,154.0,129.0
34.0,31.0,121.0,108.0,98.0
34.0,32.0,33.0,29.0,34.0
34.0,33.0,11.0,12.0,21.0
34.0,34.0,7.0,10.0,20.0
34.0,35.0,4.0,6.0,11.0
34.0,36.0,5.0,8.0,11.0
34.0,37.0,10.0,11.0,14.0
34.0,38.0,10.0,12.0,16.0
34.0,39.0,13.0,15.0,17.0
34.0,40.0,15.0,16.0,17.0
34.0,41.0,15.0,17.0,20.0
34.0,42.0,14.0,17.0,21.0
34.0,43.0,16.0,18.0,22.0
34.0,44.0,16.0,19.0,23.0
34.0,45.0,16.0,19.0,22.0
34.0,46.0,22.0,23.0,25.0
34.0,47.0,15.0,18.0,23.0
34.0,48.0,14.0,18.0,24.0
35.0,1.0,134.0,145.0,83.0
35.0,2.0,120.0,131.0,72.0
35.0,3.0,122.0,131.0,85.0
35.0,4.0,145.0,148.0,126.0
35.0,5.0,149.0,139.0,126.0
35.0,6.0,150.0,138.0,124.0
35.0,7.0,147.0,134.0,116.0
35.0,8.0,158.0,141.0,121.0
35.0,9.0,163.0,142.0,118.0
35.0,10.0,159.0,140.0,120.0
35.0,11.0,155.0,152.0,143.0
35.0,12.0,156.0,149.0,140.0
35.0,13.0,172.0,159.0,146.0
35.0,14.0,164.0,151.0,138.0
35.0,15.0,154.0,145.0,136.0
35.0,16.0,145.0,139.0,130.0
35.0,17.0,131.0,126.0,113.0
35.0,18.0,108.0,103.0,93.0
35.0,19.0,123.0,112.0,100.0
35.0,20.0,166.0,153.0,138.0
35.0,21.0,171.0,155.0,135.0
35.0,22.0,197.0,180.0,157.0
35.0,23.0,210.0,193.0,169.0
35.0,24.0,213.0,192.0,166.0
35.0,25.0,216.0,195.0,167.0
35.0,26.0,219.0,199.0,170.0
35.0,27.0,219.0,197.0,167.0
35.0,28.0,213.0,192.0,164.0
35.0,29.0,205.0,186.0,156.0
35.0,30.0,207.0,190.0,161.0
35.0,31.0,169.0,159.0,146.0
35.0,32.0,47.0,47.0,57.0
35.0,33.0,8.0,11.0,22.0
35.0,34.0,8.0,11.0,20.0
35.0,35.0,5.0,7.0,11.0
35.0,36.0,8.0,10.0,14.0
35.0,37.0,11.0,12.0,17.0
35.0,38.0,16.0,16.0,21.0
35.0,39.0,19.0,19.0,22.0
35.0,40.0,25.0,24.0,23.0
35.0,41.0,21.0,21.0,23.0
35.0,42.0,16.0,18.0,23.0
35.0,43.0,16.0,18.0,22.0
35.0,44.0,16.0,18.0,21.0
35.0,45.0,20.0,21.0,22.0
35.0,46.0,21.0,22.0,22.0
35.0,47.0,16.0,19.0,20.0
35.0,48.0,15.0,18.0,20.0
36.0,1.0,156.0,166.0,91.0
36.0,2.0,139.0,151.0,83.0
36.0,3.0,153.0,152.0,112.0
36.0,4.0,141.0,140.0,131.0
36.0,5.0,137.0,128.0,127.0
36.0,6.0,140.0,132.0,125.0
36.0,7.0,138.0,127.0,114.0
36.0,8.0,150.0,138.0,123.0
36.0,9.0,154.0,140.0,125.0
36.0,10.0,149.0,138.0,127.0
36.0,11.0,149.0,150.0,147.0
36.0,12.0,153.0,150.0,146.0
36.0,13.0,155.0,149.0,141.0
36.0,14.0,148.0,141.0,134.0
36.0,15.0,141.0,136.0,133.0
36.0,16.0,134.0,133.0,131.0
36.0,17.0,120.0,120.0,116.0
36.0,18.0,129.0,128.0,125.0
36.0,19.0,160.0,151.0,139.0
36.0,20.0,206.0,197.0,181.0
36.0,21.0,214.0,201.0,178.0
36.0,22.0,224.0,208.0,182.0
36.0,23.0,228.0,212.0,186.0
36.0,24.0,229.0,212.0,184.0
36.0,25.0,229.0,212.0,182.0
36.0,26.0,229.0,211.0,181.0
36.0,27.0,222.0,203.0,172.0
36.0,28.0,217.0,198.0,169.0
36.0,29.0,215.0,197.0,168.0
36.0,30.0,211.0,194.0,164.0
36.0,31.0,197.0,183.0,163.0
36.0,32.0,94.0,93.0,97.0
36.0,33.0,20.0,23.0,34.0
36.0,34.0,21.0,24.0,35.0
36.0,35.0,7.0,9.0,15.0
36.0,36.0,6.0,6.0,12.0
36.0,37.0,8.0,11.0,16.0
36.0,38.0,13.0,15.0,20.0
36.0,39.0,16.0,16.0,21.0
36.0,40.0,19.0,19.0,21.0
36.0,41.0,12.0,14.0,19.0
36.0,42.0,10.0,13.0,18.0
36.0,43.0,10.0,14.0,18.0
36.0,44.0,9.0,13.0,17.0
36.0,45.0,14.0,16.0,20.0
36.0,46.0,10.0,14.0,18.0
36.0,47.0,10.0,14.0,19.0
36.0,48.0,11.0,15.0,19.0
37.0,1.0,138.0,148.0,84.0
37.0,2.0,137.0,145.0,82.0
37.0,3.0,175.0,160.0,121.0
37.0,4.0,143.0,135.0,126.0
37.0,5.0,138.0,132.0,126.0
37.0,6.0,133.0,128.0,124.0
37.0,7.0,129.0,121.0,117.0
37.0,8.0,121.0,104.0,95.0
37.0,9.0,122.0,103.0,93.0
37.0,10.0,133.0,126.0,121.0
37.0,11.0,140.0,146.0,146.0
37.0,12.0,164.0,160.0,152.0
37.0,13.0,159.0,152.0,139.0
37.0,14.0,143.0,135.0,122.0
37.0,15.0,140.0,134.0,123.0
37.0,16.0,125.0,121.0,111.0
37.0,17.0,109.0,107.0,99.0
37.0,18.0,120.0,119.0,111.0
37.0,19.0,167.0,158.0,142.0
37.0,20.0,206.0,197.0,181.0
37.0,21.0,216.0,201.0,178.0
37.0,22.0,223.0,206.0,180.0
37.0,23.0,229.0,212.0,186.0
37.0,24.0,230.0,214.0,185.0
37.0,25.0,230.0,213.0,183.0
37.0,26.0,229.0,212.0,181.0
37.0,27.0,222.0,203.0,171.0
37.0,28.0,220.0,201.0,171.0
37.0,29.0,209.0,192.0,165.0
37.0,30.0,185.0,171.0,147.0
37.0,31.0,157.0,146.0,132.0
37.0,32.0,110.0,108.0,112.0
37.0,33.0,37.0,40.0,50.0
37.0,34.0,32.0,35.0,47.0
37.0,35.0,16.0,20.0,29.0
37.0,36.0,5.0,6.0,13.0
37.0,37.0,3.0,5.0,9.0
37.0,38.0,5.0,7.0,12.0
37.0,39.0,8.0,11.0,15.0
37.0,40.0,14.0,16.0,17.0
37.0,41.0,11.0,14.0,18.0
37.0,42.0,11.0,15.0,19.0
37.0,43.0,13.0,16.0,21.0
37.0,44.0,14.0,17.0,21.0
37.0,45.0,16.0,19.0,22.0
37.0,46.0,11.0,15.0,21.0
37.0,47.0,12.0,17.0,22.0
37.0,48.0,18.0,22.0,27.0
38.0,1.0,119.0,134.0,74.0
38.0,2.0,135.0,139.0,79.0
38.0,3.0,185.0,157.0,120.0
38.0,4.0,171.0,154.0,143.0
38.0,5.0,189.0,169.0,163.0
38.0,6.0,181.0,164.0,160.0
38.0,7.0,168.0,157.0,154.0
38.0,8.0,158.0,130.0,117.0
38.0,9.0,161.0,125.0,108.0
38.0,10.0,167.0,152.0,141.0
38.0,11.0,175.0,177.0,179.0
38.0,12.0,197.0,190.0,181.0
38.0,13.0,190.0,181.0,166.0
38.0,14.0,171.0,163.0,149.0
38.0,15.0,156.0,151.0,140.0
38.0,16.0,147.0,140.0,129.0
38.0,17.0,141.0,139.0,131.0
38.0,18.0,155.0,152.0,144.0
38.0,19.0,206.0,194.0,176.0
38.0,20.0,213.0,204.0,186.0
38.0,21.0,217.0,203.0,178.0
38.0,22.0,222.0,205.0,179.0
38.0,23.0,228.0,211.0,185.0
38.0,24.0,231.0,214.0,186.0
38.0,25.0,230.0,213.0,184.0
38.0,26.0,228.0,210.0,180.0
38.0,27.0,225.0,205.0,174.0
38.0,28.0,204.0,187.0,160.0
38.0,29.0,88.0,80.0,74.0
38.0,30.0,35.0,32.0,33.0
38.0,31.0,19.0,18.0,22.0
38.0,32.0,67.0,68.0,73.0
38.0,33.0,44.0,47.0,56.0
38.0,34.0,39.0,43.0,53.0
38.0,35.0,32.0,35.0,44.0
38.0,36.0,24.0,27.0,35.0
38.0,37.0,9.0,11.0,17.0
38.0,38.0,5.0,7.0,12.0
38.0,39.0,4.0,7.0,11.0
38.0,40.0,7.0,10.0,14.0
38.0,41.0,9.0,11.0,14.0
38.0,42.0,10.0,12.0,14.0
38.0,43.0,10.0,12.0,15.0
38.0,44.0,8.0,12.0,15.0
38.0,45.0,9.0,14.0,17.0
38.0,46.0,34.0,38.0,41.0
38.0,47.0,83.0,85.0,87.0
38.0,48.0,138.0,139.0,137.0
39.0,1.0,102.0,120.0,59.0
39.0,2.0,131.0,133.0,74.0
39.0,3.0,192.0,166.0,131.0
39.0,4.0,189.0,173.0,163.0
39.0,5.0,188.0,161.0,152.0
39.0,6.0,177.0,148.0,138.0
39.0,7.0,171.0,153.0,146.0
39.0,8.0,173.0,139.0,122.0
39.0,9.0,184.0,142.0,120.0
39.0,10.0,187.0,167.0,149.0
39.0,11.0,188.0,181.0,171.0
39.0,12.0,201.0,193.0,180.0
39.0,13.0,199.0,190.0,177.0
39.0,14.0,176.0,169.0,157.0
39.0,15.0,155.0,149.0,137.0
39.0,16.0,155.0,151.0,141.0
39.0,17.0,148.0,147.0,141.0
39.0,18.0,166.0,159.0,149.0
39.0,19.0,219.0,203.0,184.0
39.0,20.0,215.0,205.0,187.0
39.0,21.0,219.0,203.0,179.0
39.0,22.0,224.0,207.0,181.0
39.0,23.0,227.0,210.0,183.0
39.0,24.0,230.0,214.0,186.0
39.0,25.0,229.0,212.0,183.0
39.0,26.0,226.0,209.0,179.0
39.0,27.0,228.0,209.0,178.0
39.0,28.0,185.0,171.0,150.0
39.0,29.0,35.0,38.0,50.0
39.0,30.0,6.0,10.0,20.0
39.0,31.0,5.0,8.0,17.0
39.0,32.0,46.0,49.0,60.0
39.0,33.0,70.0,72.0,81.0
39.0,34.0,45.0,48.0,57.0
39.0,35.0,26.0,30.0,40.0
39.0,36.0,34.0,36.0,46.0
39.0,37.0,37.0,38.0,46.0
39.0,38.0,22.0,23.0,32.0
39.0,39.0,9.0,12.0,21.0
39.0,40.0,7.0,11.0,18.0
39.0,41.0,11.0,13.0,17.0
39.0,42.0,18.0,17.0,19.0
39.0,43.0,26.0,24.0,22.0
39.0,44.0,41.0,42.0,40.0
39.0,45.0,106.0,107.0,106.0
39.0,46.0,179.0,177.0,174.0
39.0,47.0,206.0,202.0,196.0
39.0,48.0,214.0,210.0,200.0
40.0,1.0,89.0,106.0,57.0
40.0,2.0,115.0,121.0,69.0
40.0,3.0,184.0,167.0,139.0
40.0,4.0,201.0,191.0,183.0
40.0,5.0,186.0,158.0,145.0
40.0,6.0,166.0,132.0,117.0
40.0,7.0,166.0,141.0,128.0
40.0,8.0,171.0,135.0,118.0
40.0,9.0,183.0,148.0,128.0
40.0,10.0,186.0,169.0,151.0
40.0,11.0,190.0,186.0,179.0
40.0,12.0,197.0,194.0,186.0
40.0,13.0,190.0,182.0,171.0
40.0,14.0,165.0,159.0,148.0
40.0,15.0,148.0,144.0,136.0
40.0,16.0,144.0,143.0,135.0
40.0,17.0,154.0,154.0,149.0
40.0,18.0,187.0,177.0,166.0
40.0,19.0,221.0,204.0,184.0
40.0,20.0,214.0,203.0,184.0
40.0,21.0,219.0,203.0,179.0
40.0,22.0,225.0,209.0,183.0
40.0,23.0,225.0,209.0,180.0
40.0,24.0,228.0,213.0,183.0
40.0,25.0,228.0,211.0,181.0
40.0,26.0,228.0,211.0,181.0
40.0,27.0,229.0,210.0,180.0
40.0,28.0,210.0,194.0,168.0
40.0,29.0,109.0,107.0,112.0
40.0,30.0,47.0,53.0,74.0
40.0,31.0,37.0,44.0,66.0
40.0,32.0,55.0,61.0,84.0
40.0,33.0,76.0,79.0,92.0
40.0,34.0,71.0,71.0,76.0
40.0,35.0,35.0,36.0,45.0
40.0,36.0,26.0,27.0,39.0
40.0,37.0,26.0,28.0,41.0
40.0,38.0,31.0,33.0,44.0
40.0,39.0,31.0,33.0,43.0
40.0,40.0,19.0,22.0,33.0
40.0,41.0,15.0,18.0,31.0
40.0,42.0,18.0,18.0,29.0
40.0,43.0,62.0,54.0,55.0
40.0,44.0,163.0,157.0,148.0
40.0,45.0,204.0,200.0,188.0
40.0,46.0,213.0,207.0,197.0
40.0,47.0,213.0,205.0,195.0
40.0,48.0,208.0,200.0,190.0
41.0,1.0,95.0,117.0,70.0
41.0,2.0,106.0,120.0,76.0
41.0,3.0,177.0,167.0,148.0
41.0,4.0,196.0,188.0,181.0
41.0,5.0,176.0,153.0,138.0
41.0,6.0,164.0,137.0,121.0
41.0,7.0,159.0,135.0,120.0
41.0,8.0,169.0,139.0,123.0
41.0,9.0,177.0,154.0,137.0
41.0,10.0,179.0,169.0,155.0
41.0,11.0,181.0,183.0,181.0
41.0,12.0,182.0,184.0,182.0
41.0,13.0,169.0,165.0,155.0
41.0,14.0,162.0,158.0,148.0
41.0,15.0,154.0,153.0,148.0
41.0,16.0,146.0,146.0,140.0
41.0,17.0,154.0,155.0,150.0
41.0,18.0,187.0,175.0,163.0
41.0,19.0,209.0,190.0,168.0
41.0,20.0,211.0,198.0,178.0
41.0,21.0,218.0,202.0,177.0
41.0,22.0,223.0,207.0,181.0
41.0,23.0,223.0,206.0,179.0
41.0,24.0,226.0,210.0,180.0
41.0,25.0,229.0,212.0,182.0
41.0,26.0,229.0,211.0,181.0
41.0,27.0,229.0,210.0,178.0
41.0,28.0,226.0,207.0,176.0
41.0,29.0,210.0,192.0,167.0
41.0,30.0,146.0,136.0,125.0
41.0,31.0,85.0,83.0,87.0
41.0,32.0,71.0,73.0,86.0
41.0,33.0,50.0,53.0,67.0
41.0,34.0,71.0,71.0,79.0
41.0,35.0,58.0,57.0,63.0
41.0,36.0,36.0,37.0,46.0
41.0,37.0,26.0,28.0,41.0
41.0,38.0,22.0,24.0,36.0
41.0,39.0,20.0,23.0,36.0
41.0,40.0,22.0,26.0,38.0
41.0,41.0,21.0,25.0,37.0
41.0,42.0,31.0,33.0,44.0
41.0,43.0,153.0,150.0,145.0
41.0,44.0,208.0,200.0,185.0
41.0,45.0,208.0,200.0,186.0
41.0,46.0,206.0,199.0,186.0
41.0,47.0,207.0,201.0,189.0
41.0,48.0,212.0,207.0,196.0
42.0,1.0,106.0,129.0,77.0
42.0,2.0,106.0,125.0,76.0
42.0,3.0,159.0,153.0,128.0
42.0,4.0,185.0,172.0,164.0
42.0,5.0,176.0,161.0,152.0
42.0,6.0,161.0,145.0,135.0
42.0,7.0,154.0,140.0,130.0
42.0,8.0,164.0,141.0,128.0
42.0,9.0,170.0,155.0,138.0
42.0,10.0,181.0,170.0,155.0
42.0,11.0,174.0,178.0,176.0
42.0,12.0,167.0,172.0,172.0
42.0,13.0,166.0,163.0,153.0
42.0,14.0,153.0,151.0,142.0
42.0,15.0,151.0,151.0,145.0
42.0,16.0,148.0,148.0,140.0
42.0,17.0,159.0,159.0,150.0
42.0,18.0,188.0,177.0,160.0
42.0,19.0,202.0,184.0,159.0
42.0,20.0,202.0,188.0,167.0
42.0,21.0,213.0,197.0,174.0
42.0,22.0,219.0,203.0,177.0
42.0,23.0,221.0,204.0,177.0
42.0,24.0,228.0,212.0,182.0
42.0,25.0,231.0,215.0,184.0
42.0,26.0,230.0,212.0,181.0
42.0,27.0,230.0,210.0,179.0
42.0,28.0,227.0,207.0,177.0
42.0,29.0,216.0,190.0,159.0
42.0,30.0,196.0,164.0,129.0
42.0,31.0,174.0,148.0,115.0
42.0,32.0,143.0,123.0,100.0
42.0,33.0,105.0,96.0,88.0
42.0,34.0,61.0,62.0,67.0
42.0,35.0,60.0,60.0,66.0
42.0,36.0,45.0,46.0,52.0
42.0,37.0,38.0,39.0,47.0
42.0,38.0,29.0,31.0,41.0
42.0,39.0,20.0,23.0,35.0
42.0,40.0,15.0,19.0,31.0
42.0,41.0,15.0,19.0,29.0
42.0,42.0,103.0,101.0,100.0
42.0,43.0,216.0,206.0,191.0
42.0,44.0,212.0,201.0,186.0
42.0,45.0,216.0,207.0,194.0
42.0,46.0,214.0,207.0,195.0
42.0,47.0,212.0,205.0,194.0
42.0,48.0,212.0,206.0,195.0
43.0,1.0,106.0,130.0,77.0
43.0,2.0,102.0,127.0,68.0
43.0,3.0,129.0,140.0,104.0
43.0,4.0,166.0,162.0,150.0
43.0,5.0,174.0,163.0,154.0
43.0,6.0,154.0,144.0,135.0
43.0,7.0,152.0,140.0,132.0
43.0,8.0,168.0,141.0,127.0
43.0,9.0,183.0,164.0,141.0
43.0,10.0,198.0,182.0,161.0
43.0,11.0,183.0,183.0,177.0
43.0,12.0,164.0,167.0,165.0
43.0,13.0,157.0,154.0,147.0
43.0,14.0,144.0,143.0,138.0
43.0,15.0,145.0,146.0,145.0
43.0,16.0,138.0,138.0,137.0
43.0,17.0,152.0,150.0,137.0
43.0,18.0,187.0,180.0,155.0
43.0,19.0,184.0,176.0,148.0
43.0,20.0,181.0,171.0,147.0
43.0,21.0,205.0,190.0,167.0
43.0,22.0,215.0,199.0,174.0
43.0,23.0,219.0,203.0,174.0
43.0,24.0,228.0,212.0,182.0
43.0,25.0,231.0,214.0,184.0
43.0,26.0,231.0,212.0,182.0
43.0,27.0,231.0,212.0,180.0
43.0,28.0,234.0,217.0,188.0
43.0,29.0,191.0,156.0,122.0
43.0,30.0,165.0,112.0,70.0
43.0,31.0,202.0,164.0,119.0
43.0,32.0,207.0,172.0,127.0
43.0,33.0,187.0,158.0,122.0
43.0,34.0,103.0,96.0,90.0
43.0,35.0,71.0,72.0,77.0
43.0,36.0,33.0,37.0,45.0
43.0,37.0,32.0,36.0,44.0
43.0,38.0,30.0,33.0,42.0
43.0,39.0,27.0,31.0,41.0
43.0,40.0,24.0,27.0,37.0
43.0,41.0,67.0,66.0,69.0
43.0,42.0,205.0,195.0,178.0
43.0,43.0,210.0,194.0,176.0
43.0,44.0,208.0,197.0,180.0
43.0,45.0,198.0,189.0,173.0
43.0,46.0,189.0,178.0,162.0
43.0,47.0,185.0,173.0,158.0
43.0,48.0,185.0,174.0,159.0
44.0,1.0,105.0,130.0,80.0
44.0,2.0,103.0,128.0,78.0
44.0,3.0,127.0,141.0,108.0
44.0,4.0,155.0,153.0,139.0
44.0,5.0,143.0,130.0,115.0
44.0,6.0,129.0,117.0,104.0
44.0,7.0,119.0,109.0,98.0
44.0,8.0,133.0,121.0,106.0
44.0,9.0,176.0,162.0,141.0
44.0,10.0,200.0,182.0,163.0
44.0,11.0,170.0,171.0,167.0
44.0,12.0,118.0,121.0,121.0
44.0,13.0,101.0,102.0,102.0
44.0,14.0,95.0,96.0,96.0
44.0,15.0,96.0,97.0,100.0
44.0,16.0,95.0,98.0,100.0
44.0,17.0,114.0,113.0,101.0
44.0,18.0,151.0,149.0,125.0
44.0,19.0,151.0,148.0,123.0
44.0,20.0,159.0,152.0,129.0
44.0,21.0,190.0,177.0,154.0
44.0,22.0,202.0,186.0,162.0
44.0,23.0,205.0,189.0,162.0
44.0,24.0,209.0,193.0,165.0
44.0,25.0,210.0,194.0,166.0
44.0,26.0,213.0,194.0,166.0
44.0,27.0,233.0,211.0,179.0
44.0,28.0,249.0,233.0,205.0
44.0,29.0,194.0,159.0,125.0
44.0,30.0,157.0,99.0,53.0
44.0,31.0,185.0,145.0,103.0
44.0,32.0,188.0,156.0,115.0
44.0,33.0,185.0,154.0,112.0
44.0,34.0,154.0,132.0,108.0
44.0,35.0,95.0,91.0,89.0
44.0,36.0,39.0,42.0,50.0
44.0,37.0,32.0,36.0,45.0
44.0,38.0,28.0,31.0,40.0
44.0,39.0,24.0,28.0,38.0
44.0,40.0,40.0,40.0,48.0
44.0,41.0,176.0,167.0,153.0
44.0,42.0,215.0,200.0,178.0
44.0,43.0,188.0,171.0,154.0
44.0,44.0,176.0,160.0,144.0
44.0,45.0,168.0,152.0,136.0
44.0,46.0,167.0,153.0,139.0
44.0,47.0,164.0,152.0,138.0
44.0,48.0,162.0,149.0,134.0
45.0,1.0,119.0,129.0,92.0
45.0,2.0,117.0,125.0,91.0
45.0,3.0,133.0,137.0,110.0
45.0,4.0,149.0,144.0,126.0
45.0,5.0,136.0,127.0,108.0
45.0,6.0,128.0,120.0,101.0
45.0,7.0,123.0,115.0,98.0
45.0,8.0,134.0,125.0,107.0
45.0,9.0,163.0,153.0,133.0
45.0,10.0,170.0,158.0,136.0
45.0,11.0,151.0,146.0,132.0
45.0,12.0,125.0,123.0,110.0
45.0,13.0,120.0,116.0,102.0
45.0,14.0,123.0,117.0,102.0
45.0,15.0,121.0,115.0,100.0
45.0,16.0,118.0,114.0,98.0
45.0,17.0,124.0,119.0,101.0
45.0,18.0,134.0,128.0,108.0
45.0,19.0,131.0,125.0,105.0
45.0,20.0,131.0,124.0,105.0
45.0,21.0,138.0,130.0,112.0
45.0,22.0,140.0,131.0,113.0
45.0,23.0,139.0,129.0,111.0
45.0,24.0,138.0,128.0,108.0
45.0,25.0,141.0,129.0,107.0
45.0,26.0,190.0,164.0,134.0
45.0,27.0,238.0,204.0,169.0
45.0,28.0,250.0,220.0,187.0
45.0,29.0,198.0,155.0,120.0
45.0,30.0,154.0,95.0,48.0
45.0,31.0,143.0,107.0,72.0
45.0,32.0,138.0,117.0,88.0
45.0,33.0,135.0,115.0,86.0
45.0,34.0,131.0,110.0,82.0
45.0,35.0,119.0,105.0,91.0
45.0,36.0,59.0,58.0,63.0
45.0,37.0,28.0,31.0,39.0
45.0,38.0,9.0,13.0,22.0
45.0,39.0,13.0,17.0,26.0
45.0,40.0,107.0,104.0,100.0
45.0,41.0,224.0,211.0,186.0
45.0,42.0,188.0,171.0,152.0
45.0,43.0,178.0,161.0,146.0
45.0,44.0,183.0,171.0,157.0
45.0,45.0,192.0,183.0,171.0
45.0,46.0,198.0,190.0,180.0
45.0,47.0,202.0,196.0,185.0
45.0,48.0,201.0,195.0,186.0
46.0,1.0,118.0,115.0,90.0
46.0,2.0,117.0,114.0,90.0
46.0,3.0,119.0,115.0,94.0
46.0,4.0,128.0,121.0,102.0
46.0,5.0,128.0,121.0,103.0
46.0,6.0,118.0,112.0,92.0
46.0,7.0,122.0,116.0,98.0
46.0,8.0,124.0,117.0,100.0
46.0,9.0,126.0,120.0,103.0
46.0,10.0,125.0,121.0,103.0
46.0,11.0,124.0,118.0,102.0
46.0,12.0,123.0,119.0,103.0
46.0,13.0,121.0,118.0,102.0
46.0,14.0,121.0,116.0,101.0
46.0,15.0,118.0,112.0,96.0
46.0,16.0,117.0,112.0,97.0
46.0,17.0,110.0,105.0,91.0
46.0,18.0,109.0,104.0,90.0
46.0,19.0,108.0,103.0,90.0
46.0,20.0,109.0,103.0,90.0
46.0,21.0,110.0,103.0,90.0
46.0,22.0,109.0,103.0,90.0
46.0,23.0,112.0,104.0,92.0
46.0,24.0,117.0,108.0,94.0
46.0,25.0,156.0,134.0,108.0
46.0,26.0,224.0,181.0,140.0
46.0,27.0,235.0,189.0,149.0
46.0,28.0,239.0,193.0,154.0
46.0,29.0,197.0,144.0,104.0
46.0,30.0,155.0,93.0,48.0
46.0,31.0,133.0,95.0,63.0
46.0,32.0,117.0,100.0,76.0
46.0,33.0,116.0,100.0,75.0
46.0,34.0,117.0,100.0,76.0
46.0,35.0,108.0,96.0,81.0
46.0,36.0,57.0,56.0,60.0
46.0,37.0,40.0,42.0,51.0
46.0,38.0,26.0,31.0,41.0
46.0,39.0,65.0,65.0,68.0
46.0,40.0,207.0,195.0,175.0
46.0,41.0,208.0,189.0,166.0
46.0,42.0,180.0,162.0,144.0
46.0,43.0,191.0,176.0,162.0
46.0,44.0,193.0,181.0,167.0
46.0,45.0,187.0,174.0,162.0
46.0,46.0,184.0,170.0,158.0
46.0,47.0,190.0,177.0,164.0
46.0,48.0,192.0,179.0,164.0
47.0,1.0,99.0,94.0,74.0
47.0,2.0,99.0,94.0,74.0
47.0,3.0,102.0,95.0,78.0
47.0,4.0,98.0,91.0,74.0
47.0,5.0,96.0,90.0,72.0
47.0,6.0,93.0,89.0,70.0
47.0,7.0,98.0,93.0,77.0
47.0,8.0,95.0,89.0,73.0
47.0,9.0,93.0,90.0,72.0
47.0,10.0,98.0,95.0,79.0
47.0,11.0,106.0,103.0,88.0
47.0,12.0,104.0,101.0,88.0
47.0,13.0,98.0,95.0,83.0
47.0,14.0,99.0,95.0,83.0
47.0,15.0,101.0,97.0,84.0
47.0,16.0,98.0,95.0,82.0
47.0,17.0,89.0,85.0,72.0
47.0,18.0,96.0,90.0,76.0
47.0,19.0,103.0,95.0,80.0
47.0,20.0,101.0,89.0,74.0
47.0,21.0,98.0,86.0,71.0
47.0,22.0,102.0,90.0,75.0
47.0,23.0,96.0,84.0,70.0
47.0,24.0,103.0,88.0,73.0
47.0,25.0,170.0,136.0,103.0
47.0,26.0,223.0,174.0,128.0
47.0,27.0,227.0,175.0,132.0
47.0,28.0,228.0,176.0,134.0
47.0,29.0,193.0,138.0,96.0
47.0,30.0,153.0,92.0,47.0
47.0,31.0,125.0,85.0,52.0
47.0,32.0,103.0,89.0,71.0
47.0,33.0,112.0,101.0,88.0
47.0,34.0,112.0,101.0,94.0
47.0,35.0,105.0,98.0,96.0
47.0,36.0,71.0,70.0,74.0
47.0,37.0,43.0,46.0,54.0
47.0,38.0,56.0,58.0,64.0
47.0,39.0,180.0,171.0,159.0
47.0,40.0,214.0,194.0,170.0
47.0,41.0,179.0,151.0,128.0
47.0,42.0,171.0,144.0,123.0
47.0,43.0,167.0,144.0,123.0
47.0,44.0,164.0,143.0,124.0
47.0,45.0,169.0,147.0,129.0
47.0,46.0,174.0,153.0,133.0
47.0,47.0,170.0,149.0,128.0
47.0,48.0,165.0,143.0,122.0
48.0,1.0,82.0,78.0,60.0
48.0,2.0,82.0,77.0,60.0
48.0,3.0,80.0,76.0,59.0
48.0,4.0,79.0,75.0,58.0
48.0,5.0,83.0,79.0,62.0
48.0,6.0,77.0,74.0,57.0
48.0,7.0,76.0,72.0,56.0
48.0,8.0,75.0,70.0,54.0
48.0,9.0,75.0,72.0,55.0
48.0,10.0,77.0,73.0,57.0
48.0,11.0,87.0,82.0,67.0
48.0,12.0,84.0,79.0,66.0
48.0,13.0,77.0,72.0,60.0
48.0,14.0,79.0,74.0,62.0
48.0,15.0,85.0,80.0,68.0
48.0,16.0,78.0,72.0,60.0
48.0,17.0,76.0,69.0,56.0
48.0,18.0,103.0,91.0,76.0
48.0,19.0,128.0,109.0,89.0
48.0,20.0,121.0,101.0,81.0
48.0,21.0,106.0,89.0,72.0
48.0,22.0,92.0,75.0,62.0
48.0,23.0,58.0,43.0,35.0
48.0,24.0,44.0,31.0,25.0
48.0,25.0,71.0,52.0,38.0
48.0,26.0,132.0,100.0,74.0
48.0,27.0,152.0,116.0,87.0
48.0,28.0,157.0,121.0,92.0
48.0,29.0,154.0,113.0,83.0
48.0,30.0,151.0,103.0,71.0
48.0,31.0,150.0,114.0,88.0
48.0,32.0,146.0,128.0,114.0
48.0,33.0,146.0,128.0,120.0
48.0,34.0,128.0,111.0,109.0
48.0,35.0,101.0,89.0,88.0
48.0,36.0,86.0,81.0,82.0
48.0,37.0,67.0,67.0,72.0
48.0,38.0,143.0,138.0,130.0
48.0,39.0,208.0,186.0,163.0
48.0,40.0,171.0,138.0,112.0
48.0,41.0,152.0,116.0,92.0
48.0,42.0,148.0,115.0,91.0
48.0,43.0,164.0,134.0,111.0
48.0,44.0,174.0,145.0,123.0
48.0,45.0,167.0,141.0,118.0
48.0,46.0,157.0,135.0,111.0
48.0,47.0,154.0,134.0,111.0
48.0,48.0,153.0,135.0,115.0
